# -*- coding: utf-8 -*-

# Resource object code
#
# Created by: The Resource Compiler for PyQt5 (Qt v5.15.13)
#
# WARNING! All changes made in this file will be lost!

from PyQt5 import QtCore

qt_resource_data = b"\
\x00\x00\x04\x7c\
\x89\
\x50\x4e\x47\x0d\x0a\x1a\x0a\x00\x00\x00\x0d\x49\x48\x44\x52\x00\
\x00\x00\x20\x00\x00\x00\x20\x08\x02\x00\x00\x00\xfc\x18\xed\xa3\
\x00\x00\x00\x09\x70\x48\x59\x73\x00\x00\x0b\x13\x00\x00\x0b\x13\
\x01\x00\x9a\x9c\x18\x00\x00\x04\x2e\x49\x44\x41\x54\x48\x4b\xb5\
\x96\x5b\x68\x1c\x55\x1c\xc6\xbf\xff\x99\x99\x9d\xd9\xfb\x2d\xd9\
\xcd\x26\x69\x4c\xd3\xc4\xb6\x88\x41\x93\x7a\xa9\x0f\x4a\xb1\xe0\
\x83\x54\x2b\xf8\xa2\xe0\x83\xa0\x82\xda\x07\x11\x7d\x10\x85\x22\
\x82\x20\x16\xab\x2f\x42\x29\x28\x22\x08\x5e\x2a\x52\x7c\x28\x6a\
\xa5\x2d\x5a\x50\x62\xdb\x78\x89\xd5\x2a\x21\x69\xd2\xa4\xc9\xee\
\x66\x76\xb2\x97\xd9\x9d\xd9\x73\x7c\xd8\xc9\xee\x66\x9a\xcd\x15\
\xbf\xb7\x39\x97\xef\x37\x87\xff\xe5\x1c\x1a\x11\xcf\xe0\xff\x94\
\xec\x1e\xd8\x98\x84\x7b\x00\x00\xa8\xf9\x63\xd3\x00\xc7\x9a\x8b\
\x26\x0a\x81\x41\x34\xf9\x13\xb6\x00\x20\x00\x96\x49\xa6\xe1\x95\
\x45\x98\x40\x55\x51\x12\x4a\xde\x1b\xb2\x24\xa5\xb6\xc0\xc1\x6e\
\x12\x60\x2f\xc6\xa4\xa9\x7d\x6a\x39\xd1\x11\x8d\x69\x9a\xe6\x51\
\x14\xdb\xb6\x8b\x79\x33\x77\x2d\x53\x55\xd3\xd5\xce\xb3\xe4\xcd\
\x90\x54\xc5\xe6\x01\x7a\xc7\xaf\xe7\x67\xba\xbb\x98\x10\x14\x8d\
\x86\x85\xd0\x4c\xb3\x6c\x18\x46\x26\x63\xcc\xa5\x73\x3d\x6a\x4a\
\xe9\xd4\x6b\x00\xe6\xde\xba\x3e\x71\xce\xdd\x43\x4d\xe2\x1c\x10\
\x4e\x28\x36\x09\x58\xbf\xd6\x05\x20\x41\x4c\xd0\xb2\xec\x5b\xb7\
\xd6\x88\x41\x39\x8f\x13\xef\x4c\x8e\x9c\x9e\x35\x4b\x76\x47\xaf\
\xba\xfb\xce\xb6\x87\x9f\xdf\xe6\xf1\xb2\xb5\x60\x8d\xfa\x58\x0d\
\x40\xa0\x0f\x5f\x1d\x3f\xf5\xc9\x05\x00\x83\x7b\xb7\xef\x7b\x74\
\xdb\xf0\xfe\x36\x8f\x17\x00\x38\x2b\xf6\xf7\x0d\x95\x2d\xcb\xb5\
\x05\x40\x2a\x99\x24\x65\x1c\x70\x82\xb4\x1a\xa0\xa4\xe3\x9b\xcf\
\x2e\x01\xb8\xf9\xf6\x8e\xd7\x4f\xec\x21\xa5\x5a\x9f\x92\xac\xc4\
\x22\x9f\x0d\x85\x23\xaa\xea\xf1\xfb\x7c\x8a\xe2\x91\x24\x99\x73\
\x5e\x30\xf5\xb9\xcc\x64\xca\x6a\x17\x62\xb2\xb6\x72\x35\xc0\xfc\
\xb8\x54\xa9\xd8\x8c\xb1\xdd\x43\xc9\x66\x77\x00\xa5\x52\xc9\x2a\
\xa4\xb4\x48\x2c\x9b\x9f\x18\x9f\xfa\x1d\x82\x44\x55\xf2\x7a\xb5\
\x60\x20\x1a\x0d\xf4\x14\x8b\x7f\xfa\xb9\x13\xdd\xd6\x00\x81\x93\
\x1f\x5c\x01\xc0\x81\xb1\x91\xb4\xa8\xf6\x93\x24\x00\x40\xd0\xc2\
\x34\x03\x90\xcd\x66\x35\x4d\x4b\x26\x3a\x7b\x76\x45\x35\x4d\x35\
\xcd\x72\x2e\x97\xcb\x64\x17\xd2\xf3\x99\xb6\x58\xc3\xa6\x55\x16\
\xd1\x0f\x5f\xe4\xbf\xfd\xf2\x0f\x00\xe0\xfc\xaf\xd1\xe9\x8f\x0e\
\xff\x33\xf7\x2f\x9d\xfd\x34\xfd\xda\x43\x23\x57\x2e\xcd\x37\x2f\
\xe5\x4b\x6a\x1e\xac\x6b\x85\x13\x08\x8b\xbe\x3e\x96\x3b\xf6\xc6\
\x19\xc6\x6d\x30\x56\xfb\x85\xaf\x8e\x8f\x9e\x3c\xfe\x1b\x63\xec\
\xc0\x53\xb7\xdc\xf5\x60\x2c\x3b\xe6\xda\xd4\x52\x6e\x80\x3e\x25\
\xbf\xf7\xf2\x8f\x3f\x7d\x37\xcd\x00\xc6\x98\x47\x96\x23\xf1\x88\
\xbe\xa0\xdb\x15\x1b\x8c\x1d\x7c\x76\xe7\xe3\xaf\xec\x10\x04\xc5\
\xc3\x5c\x6d\xb9\x21\x82\xea\x65\xa0\x1b\xb3\x48\xd0\xe8\xf7\xc6\
\xdb\x87\x7e\xd6\xd3\x8b\x32\x20\xcb\xf2\x81\x27\x6f\x3d\xf8\xdc\
\xf6\x68\x4a\x2e\xea\xd6\xd5\xbf\xcb\xa1\xb8\x94\x1a\x50\x6a\xb6\
\x96\x65\xf6\xef\xb8\xad\x5c\x76\xa7\x29\x01\xdd\xdd\xc9\x42\x65\
\x2c\x44\xcb\xbb\xa9\x6d\xe2\xf3\x23\x33\x1f\x1f\x3d\xcf\x18\x18\
\x58\x24\x1e\x7a\xe1\xdd\xa1\xe1\x07\xda\x04\x71\xc0\xf6\xc5\x69\
\xe7\x5e\xad\x61\x03\x04\xb4\x76\xdd\x34\xfc\x01\x35\x1c\x0e\xc9\
\x8a\x4c\x20\x26\xb1\x40\x20\x60\x56\x0a\x99\xec\xf5\x78\xa2\x8f\
\xc4\x3c\x50\x69\x00\x0e\x3f\xf6\xcb\xc5\x73\x13\x8c\x81\x31\x36\
\x78\x4f\xe2\xc5\xa3\xf7\xc6\x7a\x6d\xb1\x54\x2c\x37\xaa\x50\x5a\
\x34\xf4\x60\x24\x1a\xbe\x70\xf9\xb4\x57\xd3\x82\xfe\x70\xb9\x64\
\x1b\x46\x31\x11\xef\x64\xf0\xe7\xf3\xd7\x03\x4b\xb5\xec\x00\x2e\
\x9e\x9b\x60\xe0\x0c\xec\xfe\x47\x76\x3d\xfd\xe6\x80\x2f\x66\xd7\
\xbd\x5a\x29\x5f\x2c\xe4\x16\xcc\xc1\xfe\xfb\x7c\x3e\xaf\x55\xb1\
\x24\x59\xb6\x2d\x7b\x72\x6a\xca\x30\xf4\x58\x92\x84\x0b\xc0\xc0\
\x65\x59\x3e\xf4\xd6\xdd\xfb\x9f\xe8\x82\xb4\xac\xa6\x56\x14\x31\
\xc7\xa0\x50\x28\x2a\x8a\xa2\x79\x35\xd3\x2c\xe7\x0b\x79\x51\x37\
\x5e\x92\x03\xe8\xe9\xef\x7a\xe9\xfd\xa1\xbe\x61\x15\x58\xdb\x1d\
\x00\x96\x62\xb8\xa2\x04\x6f\xb4\x3b\x07\x70\xe4\xd4\x1e\x5f\xd4\
\xb9\x4c\xd7\x23\x8f\xd6\xaa\x42\x01\x40\xf5\x53\xfd\x88\xce\xba\
\x0d\xb9\x73\x01\x25\x7e\x2d\xd1\xd6\xee\x9e\x00\x00\x04\x83\x01\
\x6f\x72\x86\x29\x4e\x06\xaf\xf6\x23\x2d\x25\x84\x1c\xcc\xc4\x07\
\x16\x02\x7e\xbf\x6b\x46\x55\x3d\xf1\x5e\x93\x82\x57\x49\x72\x00\
\xee\x4a\x5e\x8f\x6a\x4f\x1f\xb9\xef\x8c\x45\x15\xb5\x7a\x87\xdf\
\xef\x93\x25\x59\x62\x92\x6d\x59\x25\xf5\x32\xbf\xe9\x74\xf3\x7d\
\x44\x5b\x7c\x3a\x96\x0c\xca\xcf\x86\x14\x29\x64\x55\x4b\x5a\x3c\
\x1b\x8c\xd7\x4b\x47\x6c\xf1\xe1\x85\x5a\xa2\x68\x01\xa1\xf4\x1a\
\x82\x2f\x02\x42\x92\x84\x10\x9c\x9c\xcb\xdb\x39\xc5\x56\x00\x04\
\x08\x62\x90\x3d\xcd\x05\x4f\xae\x26\xb8\x15\x00\x5a\x36\xd4\x26\
\x6d\x2a\x8b\x36\xa2\xff\x00\x11\x04\x9b\x51\xcb\x49\xa1\xc6\x00\
\x00\x00\x00\x49\x45\x4e\x44\xae\x42\x60\x82\
\x00\x00\x04\xf2\
\x89\
\x50\x4e\x47\x0d\x0a\x1a\x0a\x00\x00\x00\x0d\x49\x48\x44\x52\x00\
\x00\x00\x20\x00\x00\x00\x20\x08\x02\x00\x00\x00\xfc\x18\xed\xa3\
\x00\x00\x00\x06\x74\x52\x4e\x53\x00\x00\x00\x00\x00\x00\x6e\xa6\
\x07\x91\x00\x00\x04\xa7\x49\x44\x41\x54\x48\x4b\xb5\x56\x4b\x6c\
\x1b\x55\x14\x3d\xe3\x99\xf1\x37\x1f\xb7\x44\x6d\x92\xd2\x0a\x07\
\x47\x54\x49\x5d\x45\x51\x0b\x0d\x28\x28\xa8\x0b\x9a\xf4\x87\x50\
\x16\x28\x08\x90\x2a\x84\x84\xb2\x60\xc3\x02\xb2\xa8\xa0\x20\xca\
\x06\x84\xba\xa9\xc4\x2e\x2b\x24\x44\x5b\x61\xa5\x6d\x54\x47\x32\
\xb2\xb3\xa8\x28\x55\x1b\xc9\x94\x26\x34\x71\xb0\x0a\x49\x6a\xd7\
\x76\xfc\x1b\xcf\xbc\x99\xf7\x58\xbc\x30\x1d\x4f\x1d\x17\x2a\x7a\
\x16\xd6\x99\xeb\x73\xdf\x79\xf7\xbe\xcf\x8c\xf0\x0b\x7b\x0f\x4f\
\x12\x0e\x7b\xe0\xff\x86\x64\x0f\xd4\xa2\xed\x8f\x89\x64\x32\xa9\
\xeb\xba\x20\x08\x3c\xc2\x89\x24\x49\x81\x40\xe0\xde\xce\xcf\x6b\
\xd4\xf5\xf0\x08\x83\x64\x32\xe9\xf3\xf9\x64\x59\x06\xc0\x18\xe3\
\x41\xc6\x98\xaa\xaa\x89\x44\x62\xdb\xce\x1a\x71\x5d\x34\x32\x08\
\x64\x4f\xcf\x16\x66\x43\xa1\x50\x53\x53\x93\x28\x8a\x66\xdc\x30\
\x8c\x52\xa9\x74\xe5\xca\x95\x17\xb2\xa7\x93\x5b\x3f\xb6\x64\xd4\
\x41\x23\x03\x00\x95\x4a\x25\x9f\xcf\x2b\x8a\x92\xcf\xe7\xcd\x60\
\x6b\x6b\x2b\x21\xa4\x5c\x2e\x5b\x84\x9b\x42\xb0\xee\xa2\xce\x95\
\x4f\xe6\xe6\xe6\xe6\xe7\xe7\x79\x37\x18\x63\x2d\x2d\x2d\x7d\x7d\
\x7d\x84\x10\x55\x55\x4d\x99\xd3\xe9\x74\xb9\x5c\xf1\x78\x5c\x55\
\x55\x87\xc3\xc1\x18\x13\x45\x31\x18\x0c\xf6\xf7\xf7\xaf\x3d\xfd\
\x99\x29\xe3\xa8\xa9\xe0\xe6\xcd\x9b\x8a\xa2\x0c\x0e\x0e\x02\xa0\
\x94\x2e\x2d\x2d\x15\x8b\xc5\xe6\xe6\xe6\x6a\xb5\xea\xf5\x7a\xad\
\x4a\xb7\xdb\xed\xf5\x7a\xbd\x5e\xef\xde\xbd\x7b\x45\x51\xd4\x75\
\x3d\x95\x4a\x5d\xbd\x7a\x35\x30\x6a\x55\x01\x36\x83\x85\x85\x85\
\x81\x81\x81\x4c\x26\x43\x29\x4d\xa5\x52\x0e\x87\x63\x74\x74\x54\
\x96\x65\xcf\xf7\x8a\x70\x4d\x16\xce\xb6\x72\x19\x7b\x7f\x1d\xfb\
\xc9\x8e\xb1\xb1\xe9\xe9\xe9\x68\x34\xda\xdb\xdb\xeb\x76\xbb\x77\
\xed\xda\x15\x8f\xc7\x5f\xb9\xff\xc5\xf2\x53\x13\xd6\x31\x6b\xce\
\x01\x21\x44\x92\x24\x00\xba\xae\x67\x32\x99\xf6\xf6\x76\xe3\xd2\
\x5d\xef\x01\xd9\x71\xa2\xcd\x1c\x1d\x80\x70\xb6\x55\x38\xd1\xe6\
\x3d\x20\xbf\xba\xb6\xa7\x5c\x2e\x97\x4a\x25\xde\x25\xc6\x98\x61\
\x18\x0f\x86\x03\x60\x33\xa0\x94\xf2\xee\x1b\x86\xa1\xeb\xfa\x8e\
\x68\x65\xeb\xa7\xdd\x42\xc2\x69\xd5\x98\x10\x12\xce\xa6\xf1\xe7\
\xde\x5a\xdf\xef\x72\xb9\x00\xd4\x1d\x1d\xb6\x16\x51\x4a\x39\x91\
\x65\x39\x18\x0c\x86\x2e\x0f\x08\x0b\x2e\x00\x6c\xb7\x56\x1c\xb9\
\xf5\x57\xdb\xda\xb4\xe7\x37\x00\x6f\xaf\xbe\xb4\xe5\xe7\x6e\x21\
\xea\x07\xf0\x6c\xe6\xf9\xdf\x5d\xd7\x6d\xe9\x56\xd8\x0d\x78\x05\
\xa2\x28\xfa\xfd\x7e\xf1\xc6\x76\x1e\x5f\xff\x60\x3e\xd6\x99\x02\
\xd0\x85\x2e\x00\xb3\x5d\x2b\x78\x71\xe5\x58\xf4\x18\x00\xf1\xbb\
\x76\xe9\x1d\x09\x80\x20\x08\x86\x61\x98\x87\xd1\x44\x8d\x81\xa6\
\x69\x5c\x21\x08\x82\x24\x49\x91\xaf\x7f\x32\xff\x72\xc3\x6d\x72\
\x00\xa1\xf5\x6d\x9c\xb0\x3d\x1a\xbf\x3c\x28\xa5\x9a\xa6\x59\x35\
\x1c\xf5\xd7\xe0\x91\x68\x9f\x0c\x70\x42\x87\xee\x73\xc2\x18\x7b\
\x74\x8b\x74\x5d\xdf\x4c\x67\x62\xe0\xee\xce\x96\x6f\xba\x85\x5f\
\x9d\x00\xd8\xe1\xf5\xc8\xe1\x39\x50\xe0\x9f\x7d\x61\x13\xa3\xee\
\x1a\x34\x28\x62\xe8\x56\xd0\xf3\x61\x37\xe7\x74\x30\x77\xb2\xef\
\x2b\x16\x7f\x20\x96\x65\xf9\xcc\x99\x33\x40\x5b\x4f\x4f\xcf\xee\
\x37\x63\x3c\x68\x37\x68\xd0\xa5\x97\x97\xba\xcc\xd1\xd9\x1b\xd9\
\xe8\xbb\x37\x86\xd8\x10\x63\x2c\x12\x89\x1c\x3c\x78\xd0\x9c\x59\
\x24\x12\xb1\x96\x62\x37\x68\x50\x81\xef\x72\x07\x27\xe4\xf5\xe4\
\xc9\x67\xbe\x65\x91\x8d\xfb\x0a\xc0\xcc\xcc\x0c\xe7\xfc\x91\x10\
\x62\x66\xfd\x07\x03\xe1\xd2\xc6\x61\x5e\x3d\x76\xef\xd4\xd8\x29\
\xc6\x18\xa5\xb4\x52\xa9\xcc\xcc\xcc\x8c\x8c\x8c\xf0\xea\xd3\xe9\
\xf4\xf8\xf8\x78\x77\xf7\x46\xa1\xa8\xbb\x8b\x36\x83\x29\xbb\xd6\
\xfc\x27\x00\x55\x55\xab\xd5\xaa\x99\x92\xcb\xe5\x32\x99\x4c\xb1\
\x58\x04\xf0\x98\x2d\x0a\xff\x18\xe6\x84\x11\x16\x0e\x87\xb9\x92\
\xa7\x4c\x4d\x4d\xf1\x47\x9e\xdb\xa8\x45\x0d\x16\xf9\xf8\x6b\xc7\
\x39\x39\xf7\xc3\xb9\x23\x47\x8e\x70\x65\x3e\x9f\x8f\xc5\x62\xc3\
\xc3\xc3\x3c\x77\x71\x71\x11\x8d\x0d\xcc\x59\x34\x00\xd7\x94\xcb\
\x65\x7e\x37\x70\x7d\x3a\x9d\x36\x0c\x83\x52\x8a\xc7\x6e\x91\x09\
\xc6\x58\x38\x1c\x86\x45\x7f\xf1\xe2\x45\x4e\x78\xae\xbd\x82\xae\
\xdc\x97\x8c\x31\x4a\x29\xa5\x13\x0d\x5a\x74\xfe\xdc\xf9\x0d\x66\
\xe0\xe8\xd1\xa3\x7c\xfa\xd9\x6c\x76\x76\x76\xf6\xd0\xa1\x43\x3c\
\xf1\xce\x9d\x3b\x00\x08\x21\x81\xec\x69\x41\x10\x96\xb6\x7c\x24\
\x01\xd0\x34\x4d\xd3\x34\x42\x88\xc3\xe1\xa8\x56\xab\x9b\x19\x98\
\xe0\x33\x2d\x14\x0a\xba\xae\xf3\x77\x00\x63\x6c\x75\x75\x95\x2f\
\x03\x00\x5d\xd7\xcb\xe5\xb2\xd3\xe9\x04\xaf\xa0\x50\x28\x28\x8a\
\x52\xad\x56\x03\x81\x40\x22\x91\xe8\xef\xef\xaf\x1d\xd0\x8e\x5c\
\x2e\x77\xe1\xc2\x05\xb3\x3f\xa2\x28\x4e\x4d\x4d\x59\x05\x84\x90\
\x5c\x2e\xe7\xf1\x78\xb0\x1d\x12\x00\x4a\xa9\xa2\x28\x2b\x2b\x2b\
\xaa\xaa\x2e\x2f\x2f\xdf\xbe\x7d\xdb\xaa\x7e\x18\xc3\xc3\xc3\x93\
\x93\x93\xf6\xa8\x05\x84\x10\x45\x51\xf8\x9b\x4e\x02\xe0\xf1\x78\
\xf8\x6f\x67\x67\xa7\xa2\x28\xc5\x62\x91\x57\xba\x19\x62\xb1\x58\
\x28\x14\xe2\xd3\xaf\x8b\x8e\x8e\x0e\xbf\xdf\xef\xf1\x78\x4a\xdc\
\xc0\xe7\xf3\xb9\xdd\xee\x7f\xb9\x85\x00\xec\xdb\xb7\xcf\x1e\x7a\
\x08\x92\x24\x89\xa2\x98\xb6\x7d\x78\x3d\x09\xfc\x0d\x5f\xab\x49\
\x83\xa2\xab\x26\x66\x00\x00\x00\x00\x49\x45\x4e\x44\xae\x42\x60\
\x82\
\x00\x00\x00\xef\
\x89\
\x50\x4e\x47\x0d\x0a\x1a\x0a\x00\x00\x00\x0d\x49\x48\x44\x52\x00\
\x00\x00\x20\x00\x00\x00\x20\x08\x02\x00\x00\x00\xfc\x18\xed\xa3\
\x00\x00\x00\x09\x70\x48\x59\x73\x00\x00\x0b\x13\x00\x00\x0b\x13\
\x01\x00\x9a\x9c\x18\x00\x00\x00\xa1\x49\x44\x41\x54\x48\x89\xed\
\x95\xc1\x0d\x80\x20\x0c\x45\x5b\xc3\x48\xcc\xe4\x50\xcc\xe4\x4e\
\x78\x20\x21\x54\x0a\x62\xa1\x04\x8d\xff\x42\x24\x50\xe8\x7f\xc5\
\xe2\xe1\x77\xd0\xd4\xa6\x1a\x1d\x00\x4c\x18\x2c\xba\xb1\x71\xa3\
\x31\x26\x9f\x4a\x65\xd1\x09\x3c\x4c\xaf\x6b\x2a\xeb\xf2\xd5\x02\
\xdd\x1f\xd0\x99\x81\x3a\xe4\x59\x55\x04\x65\xaf\x3b\x19\xa0\xf6\
\x43\x23\x90\xe3\x65\x07\x9e\x4a\x2c\x8a\x71\x65\xe5\xcf\x6a\x22\
\xe4\x8a\x1e\x71\xbe\xa4\x4e\x20\x6b\x30\xb8\x56\x11\xeb\x7e\x7b\
\x06\xf9\xde\x35\x18\xf4\x38\xb6\x46\x06\x3f\x03\x55\xa9\x33\x78\
\xbf\x45\x4d\xff\x22\x59\x53\x0b\x41\x90\xed\x01\x9f\xeb\x07\x65\
\x79\x6e\x12\xc9\xc7\xec\x7e\x30\x5c\x27\xd6\x89\x51\xdd\x62\xa5\
\x3e\xc2\x00\x00\x00\x00\x49\x45\x4e\x44\xae\x42\x60\x82\
\x00\x00\x1d\x40\
\x89\
\x50\x4e\x47\x0d\x0a\x1a\x0a\x00\x00\x00\x0d\x49\x48\x44\x52\x00\
\x00\x00\x17\x00\x00\x00\x18\x08\x02\x00\x00\x00\x9e\x1e\xf1\x22\
\x00\x00\x0b\xdc\x7a\x54\x58\x74\x52\x61\x77\x20\x70\x72\x6f\x66\
\x69\x6c\x65\x20\x74\x79\x70\x65\x20\x65\x78\x69\x66\x00\x00\x78\
\xda\xb5\x9a\x69\x92\xe3\x3a\x0e\x84\xff\xf3\x14\x73\x04\x71\x27\
\x8f\xc3\x35\x62\x6e\x30\xc7\x9f\x0f\x24\xbd\xbb\xab\xbb\xdf\xc4\
\x94\xa3\x2c\x9b\xa2\x28\x10\x99\x48\x00\xaa\x52\xe3\x3f\xff\x9e\
\xea\x5f\xfc\x38\x6b\x2e\xe5\x7c\x4c\x21\x87\x70\xf1\xe3\xb2\xcb\
\xa6\xf0\x21\x5d\xfb\xa7\xac\x77\x7d\xb9\xf5\xbe\xbf\xc4\x73\x4e\
\xbf\x8e\x2b\x7d\xbb\xc8\x30\x64\x39\xda\xfd\x35\x85\x33\xff\x36\
\xae\xef\x0b\xec\x43\xe1\x93\x7f\x5a\x28\xb5\x73\xa2\xbe\x9e\xc8\
\xee\xac\x9f\xde\x16\x3a\x37\xb2\x62\x91\xe1\x43\x3f\x0b\xe5\xb3\
\x90\x35\xfb\x84\x3e\x0b\x94\xbd\xad\x2b\xe4\x14\x9f\xb7\x50\xc7\
\x3e\x9e\xeb\xb7\x1b\xf8\x55\xf2\x66\xe3\x5a\xfb\xbe\xc8\xfb\x77\
\x17\xf1\x5e\xf7\x0c\x5a\x63\x86\xd5\xf6\xe2\xdd\xda\x63\x80\x95\
\x5f\xab\x6c\x91\x13\xbc\x1b\x1b\x99\xb8\x3f\x7b\x5e\xc5\x3a\x1b\
\x8e\x25\x38\xe4\x9b\x9f\xee\x3f\x19\x8b\xa6\x98\xea\xbe\x4e\x7a\
\x41\x65\xfa\xef\x68\xdd\x3e\xa9\x77\xb4\x9c\x39\x53\xec\x9b\x93\
\xc3\xfd\xf8\x75\x5c\x69\xff\x1d\x95\xe5\xfa\xa7\x3b\xbb\x74\x3e\
\x99\xd7\xf1\xac\xaf\xb9\x2d\x7a\xf3\xbe\xfc\xce\xd9\xd3\x5c\x7b\
\x66\x17\xc5\x05\x5c\x1d\xce\xa6\x6e\x5b\x59\x9f\x98\x57\xb9\x85\
\xdc\x3a\x29\x4c\x0b\x57\xe4\xd7\xb3\x44\x5c\xaf\xcc\x2b\xc1\xea\
\x06\x6a\xfd\x6a\x57\xe5\xd5\x74\xd6\x06\x24\xa6\x76\xba\xeb\xa2\
\xa7\x1e\xeb\xd8\x74\xc3\x44\x67\x86\x32\x60\x65\x8c\x69\xc6\xae\
\xc1\x04\x76\xd9\x34\x2b\xf8\x39\x79\xe9\x69\xa2\xcd\xb6\xdb\x04\
\xae\x6d\xc1\x4e\x68\xdd\x6d\xd1\xeb\xb6\xf9\x6a\x6a\xdd\x2d\x71\
\xe7\xae\x99\x6a\x34\x8b\x69\x2e\xf9\xeb\x97\xfa\xdb\x0b\xe6\x94\
\x50\xd0\xfa\x3a\xce\x87\x16\xd8\x65\x8c\x38\x1b\x33\x04\x39\x79\
\x67\x1a\x88\xe8\x79\x9c\xea\x97\x83\x6f\xaf\xf7\x1f\xc1\xd5\x82\
\xa0\x17\x2f\x4b\x88\x64\x1c\x5b\xf7\x12\xd5\xeb\x87\x12\xd8\x05\
\xb4\x65\xa2\xe7\xe8\x8e\x8a\xf4\xb3\x00\x2e\xe2\xd6\x1e\x63\xb4\
\x05\x01\x50\xd3\xd6\xeb\xa0\xaf\x68\x4c\xd4\x1a\x47\x26\x00\x2a\
\x98\x6e\xac\x33\x15\x04\xb4\xf7\xa6\x63\xa4\x71\xd6\x06\xb0\x49\
\x46\x6e\xcd\x25\x51\xaf\xa9\xc6\x1b\x86\x15\xe3\x88\x19\x48\x78\
\x1b\x6c\x04\x9b\x6c\x0b\x60\x39\xe7\xe1\x4f\x74\x09\x0e\x15\x42\
\xcf\x79\xef\x83\x8f\x3e\xf9\xec\x4b\xb0\xc1\x05\x1f\x42\x88\x41\
\x44\xb1\x44\x1b\x9d\x8a\x3e\x86\x18\x63\x8a\x39\x96\x64\x93\x4b\
\x3e\x85\x14\x53\x4a\x39\x95\x6c\xb2\x45\x34\x7d\x0e\x39\xe6\x94\
\x73\x2e\x85\x7b\x16\x56\x2e\x5c\x5d\x98\x50\x4a\x35\xd5\x56\x57\
\xbd\xaa\xa1\xc6\x9a\x6a\xae\xa5\x41\x9f\xe6\x9a\x6f\xa1\xc5\x96\
\x5a\x6e\xa5\x9b\x6e\x3b\xfa\xd1\x43\x8f\x3d\xf5\xdc\xcb\xd0\x03\
\x2a\x0d\x37\xfc\x08\x23\x8e\x34\xf2\x28\x13\xaa\x4d\xab\xa6\x9b\
\x7e\x86\x19\x67\x9a\x79\x96\x3b\x6a\xfa\x84\xed\xfb\xeb\x2f\x50\
\xd3\x07\x35\xb3\x90\x92\x89\xf1\x8e\x1a\xa3\x31\xde\x96\xd0\x22\
\x27\x5e\x30\x03\x30\xa3\x9c\x06\xf1\x28\x10\x40\x68\x23\x98\x5d\
\x49\x3b\x67\x04\x39\xc1\xec\xca\xc8\x9f\xf5\x06\x23\xbd\x60\xd6\
\xb5\x20\x06\x82\x6e\x68\xe3\xa7\xbe\x61\xa7\xcc\x46\x54\x90\xfb\
\x9f\x70\x53\xd1\xbd\xe0\x66\xfe\x29\x72\x4a\xa0\xfb\x4b\xe4\x3e\
\x71\xfb\x86\x5a\x97\x34\xd4\x16\x62\x3b\x0a\xc5\xa9\x97\x9d\x12\
\x9e\xa3\x98\x54\x0c\x09\xa9\x0d\x7b\xad\xcf\xa8\xa0\xb8\x21\x84\
\xac\x02\x51\xcc\x90\x6f\x5e\x27\xd6\xc0\x64\xed\x82\x91\x8f\x6b\
\xe2\x1f\x1f\xd5\xdf\x5e\xf0\x38\xe2\x01\x30\x74\x5e\xf2\x9f\xd7\
\xea\xf6\xe1\xb7\xc7\x2c\xf9\x25\xa4\xe2\xb4\xab\x70\xca\xaf\xc1\
\xc7\x51\xbd\x0f\xfc\xf6\x68\x74\x99\xb9\xc7\x39\x74\x1c\x31\x15\
\x3e\xc4\x86\x97\xd4\xc4\x8d\x75\x8a\xf2\xe1\x4e\xdd\x40\x34\xb6\
\x98\xd1\x78\x7b\xb5\x5c\x11\x60\xd2\xc9\x6c\xad\xca\xf9\x16\x4d\
\xed\x66\x0e\xd0\x74\x33\xf8\x19\x73\x89\xd5\x66\x3d\x9d\x4d\x0a\
\x3e\x00\x97\xb1\x33\x8d\x3a\x08\x80\xd0\xa8\x4b\xba\xb1\xdc\xaa\
\x4d\x9d\xa3\x2c\x90\x86\x77\xb2\x52\x85\x13\xae\xcb\x88\x1d\x50\
\x09\x88\x67\xc9\x76\xcf\x50\x4c\x69\x04\xb0\xee\x39\x76\x62\xbb\
\xf5\x3c\x66\xa5\xfa\x6a\xb0\x82\x4b\x7b\x05\xce\x7d\xa9\x2e\x56\
\x2e\xcd\xf7\xc5\xad\x9e\xc3\xb6\x09\xe4\x6e\xe0\x23\x48\xbc\xb6\
\x15\x07\xc6\x72\x26\x7b\x3f\x7b\xf6\x29\x8d\x56\xc7\xbc\x66\x88\
\xc6\x8e\x44\xfc\x55\x3f\x97\x9d\x46\x4c\x75\x6b\xab\x93\x8b\x97\
\x85\x71\x28\xb9\xfa\xba\xb8\xde\x3d\xcd\xb9\xcd\xb8\x2f\xce\x58\
\x45\x89\xed\xcd\xee\xe1\x62\xd7\xde\x09\x3b\x23\xe7\x92\x9f\x2a\
\x0e\x93\x65\xa9\x3c\x71\x6c\x7d\x73\xac\xaf\x03\x37\xa5\x4a\xce\
\xc1\x5f\xac\x3e\x06\x02\xdf\x5d\xd0\x15\x22\x84\x34\xa6\x14\x3c\
\x35\x8c\xd2\x54\xa9\xd5\x21\x1f\x81\x9b\x07\xc9\xa9\xc1\xf6\x51\
\x41\x98\x9c\x2d\x17\xb4\x69\x7b\xc2\x05\xdd\x54\x24\xd5\xef\x18\
\x21\x9c\x1f\x11\x72\x8e\xea\x7d\xe0\x2f\x8f\x76\xc0\xab\xd1\x67\
\x53\xba\xb3\xa7\xe8\x61\x0e\x42\xa1\xcd\x40\x22\xa2\x6f\x58\xe1\
\xd9\x9d\xcd\x62\x58\x73\x69\x94\x5e\x93\x29\x15\xc3\xbd\xb7\x2d\
\xe8\xe4\x51\x42\x3f\x05\xde\x6b\x39\x5e\x65\xad\x25\xf6\x47\x23\
\x3d\x71\x48\x28\x4c\x1d\x30\x94\x05\xa4\xfa\x8b\x79\xe8\x9a\xbb\
\xb5\x11\x51\x73\x11\x39\x20\x65\x43\x17\xce\x05\x28\x35\xb2\xee\
\x16\x6e\x57\xa7\x44\xac\x71\xd6\xc2\x2e\xe1\xc8\x61\xc2\x84\xa1\
\xa3\xcb\xb2\x42\xe2\x75\xbe\x76\x6e\x6e\x7a\x4c\x28\x8f\x6b\x2e\
\x46\x68\x0d\x0c\xd5\x85\x43\x38\x0a\xad\x42\xb5\x22\x9c\x5b\x0c\
\x2d\xeb\x5d\xee\x04\xeb\x52\xc7\xdd\xf2\x9d\x44\x4d\xa4\x83\xe3\
\x0a\x24\x17\x77\x58\xf5\x13\x56\xb5\xcc\x62\x82\x92\xb0\xeb\xa5\
\xa6\x3c\x08\x91\x01\xff\x10\xfb\xc3\x8d\xeb\x41\x8d\xb9\xa9\x21\
\xcb\x6c\x72\x84\x91\xf6\x1e\xae\xbc\x26\xe5\x15\xb4\x67\x96\xdb\
\xdb\xac\x23\x55\xeb\x84\xa0\xa1\xc2\x08\x6e\x58\x93\xed\xc5\xa5\
\x99\xc4\x7f\x49\xa8\x81\x51\x54\x67\x7d\x2d\x0d\x30\xc4\x9d\xe2\
\x5e\x5e\xe3\xfb\x51\x05\x03\x3c\xb9\x36\xb7\x20\xa8\x02\x41\xbc\
\x43\xd0\x63\xeb\x6c\xa8\xa3\xc8\xa0\x50\x60\x30\x72\x1d\x97\x64\
\xc5\x56\x95\x6e\xe3\x53\xc7\xc8\x15\x1e\x2d\xee\xe8\xf0\xd5\xba\
\x19\x21\x17\x93\x45\x94\xa3\x95\x73\x24\x2f\x3e\x77\xf9\x70\x45\
\xcf\x54\x64\x53\xbd\xeb\xe7\xa7\x66\xb3\xa3\x20\xdb\xdd\x3b\xba\
\xa4\xe2\xec\x10\x46\x08\xef\xb6\x63\x64\x4b\xaa\x8d\xfc\xd8\xd3\
\xb7\x1d\x61\xbe\x5d\xd8\x91\xfd\x46\x49\x0c\xbe\x6d\x8a\x3d\x59\
\xb2\x08\xb9\x94\x6e\x64\xc9\xb0\x5e\x69\x8f\x2f\x54\x11\x5a\x6e\
\x24\x37\x98\x52\xe9\x22\x4c\xa2\x73\x73\xd4\xe5\xc1\x08\xde\x5b\
\x33\xe2\xd2\x0c\x99\xa0\xf6\x0c\x06\x65\xce\x9e\xc1\x79\x3f\xbd\
\x85\x15\x5d\xe2\x7d\x12\xf2\x45\x60\x73\x68\x35\x9b\xdd\x73\xa8\
\xf6\x60\x08\xd6\xaf\xed\xfa\x7c\x34\xbb\x6b\xbe\x43\x2d\xfb\x3a\
\x83\x10\x9c\xe7\xa4\xb4\x86\x9c\x26\x2d\x5f\xbd\xf7\xd9\x9b\x86\
\xfc\x06\xb4\x33\xfb\x63\xc6\x5a\x88\xb2\x06\x03\xfb\x8d\xdd\xed\
\xb0\x1b\xff\x0a\xbb\x45\x69\x6f\x13\x24\xe7\x4e\x99\x70\x4e\x43\
\x49\x99\x80\xed\xea\x18\x2f\x94\xd6\x42\x69\x11\xbd\x33\x45\xa8\
\xad\x57\xe4\xc9\xc2\x21\x2e\xd2\xfa\x45\xda\x74\x98\xaf\xc3\x8d\
\xf9\x6a\x9f\x07\x77\x7f\xa7\xfe\xe8\xa1\x59\xea\x93\x49\x63\x52\
\x5d\xca\x48\xb5\x3f\x9e\x67\xc6\x93\xef\x9f\x3d\xab\xe6\xb3\xeb\
\x7f\xc0\x86\x70\xd1\xb5\xd6\x13\x2e\xcf\x7e\x67\x86\xd4\xd9\x3f\
\x38\xf6\x03\x99\x77\x60\x9e\x3d\xaf\x8e\xeb\x21\x7a\x58\x9e\xd1\
\x22\x41\x2b\xb2\x6d\x21\x95\x7e\xf8\xe2\xc3\x15\x64\xcd\xd8\xc2\
\x24\xd3\x3a\x5a\x2f\x3b\x11\x4f\x80\xc8\xe1\x9a\xc6\xe5\x40\x59\
\x45\x25\x45\xee\x6e\xc9\x8c\x18\x5d\x28\x23\x1a\x27\x8b\x57\x60\
\xf7\x94\x5f\x2d\xf0\xeb\x5a\xa5\xa2\x23\xa3\xa6\xae\xd0\x8b\xea\
\x90\x3c\x3c\xe4\xd8\x0d\x44\xaf\xcb\x8d\xf5\x8a\xcb\x53\x23\xb5\
\x24\x02\x29\x19\x0c\x01\xa1\xf8\xbc\xa6\x8d\x69\x98\xe9\x3d\x85\
\x22\xd0\x67\x6e\x92\x70\x76\x41\x77\xa1\x14\x95\x31\x1b\x20\x5b\
\xf5\x94\xa8\xe8\x52\x0b\x25\x1c\x5d\xc0\x2e\xf7\xa5\x3a\xc9\x85\
\x24\x85\x58\x50\x0f\x90\x9c\xd5\xcf\x1a\x24\xc4\x12\x68\xc6\xea\
\xc0\x52\xaa\x11\x56\xd2\x06\xed\xd2\xc1\x49\xa9\x4b\x30\x65\xd0\
\x56\xe4\xbd\xe9\xd9\x90\x77\x33\x51\x4e\x12\x55\xb4\x9f\x44\xef\
\x24\x55\xe6\xe6\xff\x38\xcd\xa9\x5f\x9d\x90\x85\xc6\x96\xf7\x96\
\x49\x20\x82\x56\x4f\x62\x69\x92\x02\x88\x3a\xea\x75\x86\x7a\x9f\
\x02\xab\x33\x1a\x36\x66\x17\x4b\x03\xd5\x33\x4d\x94\x3d\x5b\x9b\
\x3e\xc2\x91\x70\xf5\xb3\xb5\xd0\xbc\x30\x7e\x20\x7c\x14\xec\x28\
\xdf\xa2\x9a\xb1\xdd\x0f\x69\xf9\x49\x7d\x27\x25\x08\x0a\xf4\x7d\
\x5a\x9c\x50\x29\x2e\x68\x2d\x90\x35\x7d\xd5\x03\x42\x0a\xe1\xa6\
\xcf\xca\x70\xac\x69\xc9\xd9\x95\xcf\xe0\xc6\xe1\x91\x8e\xbf\x66\
\x63\xc4\xfa\x19\x06\x84\x4d\x8c\xd5\xe6\x13\x87\x37\x18\x8c\xc8\
\xa8\x04\x2f\x99\xd2\x26\x7f\x32\x84\x69\xf2\x88\xc9\x64\xa7\x16\
\x15\xb4\x5b\x99\x01\xa5\xe7\x54\xb6\x52\xca\xa7\x55\x0b\xff\x58\
\x68\xd3\x54\x34\x92\x98\xc6\x94\xe1\x14\x72\x2e\xc1\x8e\x70\x2c\
\x8b\x5c\x5b\x32\x1b\x20\x32\x41\x2a\xc2\x24\xde\xa3\xd0\x3c\x21\
\x1b\xd8\x48\xa1\x9e\x2a\x64\x7c\xaa\x84\x61\x71\xdc\xec\x9e\x36\
\x8b\xa6\xa5\xf5\x76\x4f\x35\x38\x7c\xa5\x1a\x6b\x5e\x1c\x1e\x57\
\xfd\x78\x32\x0d\x5d\x8c\xf0\x56\xe7\xe5\xb0\xbe\xd2\x6f\x55\xa5\
\x55\xc9\x36\xf4\x58\xc0\x4f\xed\x33\xcc\xe6\x52\x6d\xd4\x32\x77\
\x5a\xb5\x4e\x44\xb8\xb7\x0a\xcb\x3c\xbc\x0d\x6a\x37\xde\x5f\xd7\
\x61\xfe\xf6\x37\xa2\x28\x86\x08\xdb\x70\x80\xa3\x98\x44\xad\xae\
\xdc\xd6\x06\xe9\xd8\x64\x91\xfc\x94\xc2\x61\x36\x16\x9b\x58\xb2\
\xb4\x27\x37\x48\xe8\xf7\xc4\xe9\x57\xb7\xc7\x80\xfc\x1c\xac\xf8\
\x19\xa6\xbf\x77\x2c\xea\x4b\x0b\xb3\x96\x6b\x4b\xb8\x26\x2d\xaa\
\x5f\x59\xa3\x5e\xdb\x67\x94\xf6\xb1\x4b\x8f\xf7\x36\x47\xbd\x4f\
\x2a\xd0\x3f\x4e\x2a\xcb\x22\x09\xba\xd3\xb0\x4a\xa7\xf8\x93\x9b\
\xa5\xc7\xb1\x43\x6d\x57\xad\x30\xda\x9e\xa2\x97\x11\x4f\x9d\x30\
\x22\x12\xdf\xe3\x63\x6d\x92\xf8\xca\x39\xdd\xf6\x4b\x48\xa8\x97\
\x5d\xdd\x62\xe3\x87\x92\xe2\x59\xa0\xc4\x80\x1b\x54\xea\x05\xab\
\xaf\xb1\x61\x4f\x27\xeb\xd3\x88\xfa\xc6\xea\xeb\xb9\x7b\x5c\x41\
\xfb\x87\xdd\x23\x57\x12\x0f\xf6\xc4\x43\xc9\x61\xe7\xbe\x15\x10\
\x0e\xcd\xf7\x8a\x3b\x4a\xc8\x50\xc8\xc4\xf9\x7d\x0a\x32\x46\x45\
\x4d\xd2\x19\x8b\x31\x24\x2e\x1a\xfb\x7c\x18\x16\xcb\x66\x58\x20\
\x8b\xec\xb2\x38\x2c\x9e\x8e\xd5\xed\xec\x62\xf3\x25\x5a\x1e\xb1\
\x92\x43\xa0\x82\xa0\xd5\x97\x87\x1b\x90\xd0\x1d\x1e\xd1\x4e\x3e\
\xd4\xc9\xbc\xe5\x0a\xec\xd4\xbf\x65\x38\xc9\x1b\x16\xa8\xfa\x28\
\x76\x1f\x85\xe1\x2e\x0b\xbb\x1b\x72\xf3\xd1\x24\xbc\x19\xa2\x89\
\xb4\x8c\x2d\x77\xef\xdc\xb0\x2a\xce\xbc\x62\x50\xfd\x55\x3b\xe4\
\x96\x62\xd1\xf0\x5f\xab\xc8\x7d\x4e\x11\xea\xcf\x72\xc4\xef\x53\
\x84\x7a\xcd\x11\x92\xfe\x36\xb5\x1f\x39\xa2\x4b\x91\xb1\x9c\x44\
\x02\x3f\x30\x49\x4a\x0f\x82\xd3\x1d\x25\x55\xed\x12\x83\xe1\xf9\
\xa6\x85\x82\x69\x73\x4e\xba\xa0\xf6\xa8\xbe\x3f\xda\x3d\xf3\x96\
\x81\xd5\x67\x0a\x7e\x96\x22\xb1\x61\x43\x25\x36\x2c\xb0\xbe\x89\
\x11\x5a\xa4\x3e\xc4\xe8\xdb\x33\x0c\xc9\xdc\xf2\xc4\xf5\x2d\x2c\
\x1e\xac\x31\x5d\xbd\x8d\x7c\xc6\xc1\x3d\x2d\xb8\x95\x16\x1e\x61\
\x20\xd6\x3e\xe6\xa8\xfb\xa4\x1f\x22\xe1\x27\x27\xdf\x42\x41\xfd\
\x9c\x3b\x7e\x11\x0f\x5f\xc2\x41\xfd\x2a\x1e\x7e\xe9\xe6\x1d\x11\
\x1f\xbd\x92\x7a\x6d\x96\x7e\x1f\x15\x8f\x74\xdb\xba\x24\xeb\xdd\
\xc4\x79\xa3\xfc\x9f\x3d\x0e\x93\x3c\xae\xe9\x3b\x44\x99\xc6\x9d\
\xf6\xa2\x91\x87\xf6\xea\x17\x91\xf1\x34\xe5\xcf\x8a\x27\x75\x84\
\xbf\x6e\xe1\xef\xcf\xc2\x1f\xc2\x81\x24\x6f\x75\x3a\xad\xf0\x2a\
\x9f\x3e\x8a\x27\xf5\xc8\x0e\xe7\x29\x63\x6b\x4f\xa9\xfa\xdb\x93\
\x10\x23\xa6\x4b\x21\xcf\x5e\x77\xfd\x54\x2e\x69\xb3\x60\x4f\xdb\
\x5b\xf1\xab\xa3\x62\x3c\xd9\x26\x56\xb8\xcb\xec\x2d\xd6\x25\x63\
\x53\x52\x58\xa1\xac\xa7\xb2\xa6\x33\xa6\xc3\x98\x23\xd0\xa6\x54\
\x12\x85\x74\xd9\xd2\xb7\x51\xcc\x0c\x7d\xc5\xa4\xc5\x19\x1b\x56\
\xd2\xa4\xdd\x4f\x1a\xe2\x52\xe3\x92\xc8\x92\xcb\x01\x4e\x52\xd5\
\x5e\x5d\x9a\xb1\x2a\x4f\x20\xaa\x55\xce\xc2\x71\xa2\x80\x1d\x75\
\x08\x3d\x7c\xb9\xd9\x2e\x1d\xdb\xb1\x5e\x6c\x3f\xa6\x8b\x3e\x6d\
\xd3\x6f\x86\xcb\xd2\xd2\x66\x3d\xaf\xed\x65\xed\x8f\xa5\xd3\x9f\
\x2c\xad\x3e\xd7\x7e\x59\x9a\x5e\x8a\x32\x90\x4e\x7d\xc2\x81\x9c\
\x8e\x43\xb6\x3f\xe6\xb3\x47\xd5\x37\x97\x4a\xab\xe6\xc5\x65\x56\
\x5c\x46\xc9\xb1\x1d\x26\x4d\xd8\xea\x01\xe1\xf4\x10\x53\x56\x33\
\x46\x13\x5b\xd2\xcc\x2a\xac\x46\x30\xcf\xf7\x6b\x5f\xdd\x2d\x2d\
\x26\x0d\xf2\x45\x0d\xd0\xa5\xf9\xa3\x7e\x94\x6e\x70\x98\xd5\xb9\
\x0a\x8a\xea\xc0\x28\x5d\x98\x46\xd9\x44\xdf\xbc\xa0\xf2\x7a\x1d\
\x41\x12\x76\x1f\xb9\xae\xfd\xe2\x2d\xf5\x8c\xc4\x8f\x9e\x7e\x23\
\xe0\x3b\xff\xd4\xcf\x04\xfc\x95\xaf\xab\xd8\xfd\xb2\x5f\xf5\x93\
\xe1\x7e\x19\xbe\xb5\xe9\x77\x96\xab\x6c\x5d\xde\x6e\x91\x9e\x7e\
\xdd\x60\x8a\x63\xd6\x65\x4f\x2e\xfd\xcd\xd6\xba\xfa\xa7\x04\x7c\
\xe7\x9f\xfa\x03\x02\xe6\x7b\x29\xf8\xbd\x18\x1d\x48\x24\xb9\x1f\
\x5f\xa5\x50\x9b\x99\x71\xcc\xc8\x4a\x01\xe9\x42\x89\xe4\x0f\x2c\
\xb4\xe3\xf2\x20\x1e\xba\x39\xe3\xb4\xb1\x57\x6b\xa4\x1b\x68\x92\
\xe5\xe1\xa6\x97\x3f\x90\x54\x4a\x61\x0a\xcf\x40\xe3\x97\x68\xf1\
\x43\xf0\xf2\x30\x24\x9e\xee\x61\xfd\x99\xf6\x37\xc5\x09\xae\x4d\
\x3b\x71\xee\x21\xf5\xcf\x9f\xf7\xbe\x1e\xff\xef\x0b\xb9\x95\x3a\
\xc2\xfb\x89\x7c\x0a\xac\xcf\x2b\xd4\xff\x6e\xcb\xcb\x42\xe7\xcf\
\x37\x9f\x7f\x4f\x39\x1e\xfd\x21\xe5\x41\x9c\x2e\xff\x81\xf0\x5f\
\xb2\x8b\xfa\xb4\xac\xa9\xc1\x1b\x00\x00\x01\x85\x69\x43\x43\x50\
\x49\x43\x43\x20\x70\x72\x6f\x66\x69\x6c\x65\x00\x00\x78\x9c\x7d\
\x91\x3d\x48\xc3\x40\x1c\xc5\x5f\x5b\xa5\xa5\x56\x1c\xec\x20\xea\
\x90\xa1\x3a\x59\x10\x2d\xe2\x28\x55\x2c\x82\x85\xd2\x56\x68\xd5\
\xc1\xe4\xd2\x2f\x68\xd2\x90\xa4\xb8\x38\x0a\xae\x05\x07\x3f\x16\
\xab\x0e\x2e\xce\xba\x3a\xb8\x0a\x82\xe0\x07\x88\xab\x8b\x93\xa2\
\x8b\x94\xf8\xbf\xa4\xd0\x22\xc6\x83\xe3\x7e\xbc\xbb\xf7\xb8\x7b\
\x07\x78\x9b\x55\xa6\x18\x3d\x93\x80\xa2\x9a\x7a\x3a\x11\x17\x72\
\xf9\x55\xc1\xff\x8a\x20\x46\x10\x40\x0c\x7d\x22\x33\xb4\x64\x66\
\x31\x0b\xd7\xf1\x75\x0f\x0f\x5f\xef\xa2\x3c\xcb\xfd\xdc\x9f\xa3\
\x5f\x2e\x18\x0c\xf0\x08\xc4\x73\x4c\xd3\x4d\xe2\x0d\xe2\x99\x4d\
\x53\xe3\xbc\x4f\x1c\x66\x65\x51\x26\x3e\x27\x9e\xd0\xe9\x82\xc4\
\x8f\x5c\x97\x1c\x7e\xe3\x5c\xb2\xd9\xcb\x33\xc3\x7a\x36\x3d\x4f\
\x1c\x26\x16\x4a\x5d\x2c\x75\x31\x2b\xeb\x0a\x71\x8c\x38\x22\x2b\
\x2a\xe5\x7b\x73\x0e\xcb\x9c\xb7\x38\x2b\xd5\x3a\x6b\xdf\x93\xbf\
\x30\x54\x50\x57\x32\x5c\xa7\x39\x8a\x04\x96\x90\x44\x0a\x02\x24\
\xd4\x51\x41\x15\x26\xa2\xb4\xaa\xa4\x18\x48\xd3\x7e\xdc\xc5\x3f\
\x6c\xfb\x53\xe4\x92\xc8\x55\x01\x23\xc7\x02\x6a\x50\x20\xda\x7e\
\xf0\x3f\xf8\xdd\xad\x51\x9c\x9e\x72\x92\x42\x71\xa0\xf7\xc5\xb2\
\x3e\xc6\x00\xff\x2e\xd0\x6a\x58\xd6\xf7\xb1\x65\xb5\x4e\x00\xdf\
\x33\x70\xa5\x76\xfc\xb5\x26\x30\xfb\x49\x7a\xa3\xa3\x45\x8e\x80\
\x81\x6d\xe0\xe2\xba\xa3\x49\x7b\xc0\xe5\x0e\x30\xf4\xa4\x89\xba\
\x68\x4b\x3e\x9a\xde\x62\x11\x78\x3f\xa3\x6f\xca\x03\x83\xb7\x40\
\x70\xcd\xe9\xad\xbd\x8f\xd3\x07\x20\x4b\x5d\x2d\xdf\x00\x07\x87\
\xc0\x78\x89\xb2\xd7\x5d\xde\x1d\xe8\xee\xed\xdf\x33\xed\xfe\x7e\
\x00\x9f\xfb\x72\xb9\xbf\xec\xad\x68\x00\x00\x0d\xf7\x69\x54\x58\
\x74\x58\x4d\x4c\x3a\x63\x6f\x6d\x2e\x61\x64\x6f\x62\x65\x2e\x78\
\x6d\x70\x00\x00\x00\x00\x00\x3c\x3f\x78\x70\x61\x63\x6b\x65\x74\
\x20\x62\x65\x67\x69\x6e\x3d\x22\xef\xbb\xbf\x22\x20\x69\x64\x3d\
\x22\x57\x35\x4d\x30\x4d\x70\x43\x65\x68\x69\x48\x7a\x72\x65\x53\
\x7a\x4e\x54\x63\x7a\x6b\x63\x39\x64\x22\x3f\x3e\x0a\x3c\x78\x3a\
\x78\x6d\x70\x6d\x65\x74\x61\x20\x78\x6d\x6c\x6e\x73\x3a\x78\x3d\
\x22\x61\x64\x6f\x62\x65\x3a\x6e\x73\x3a\x6d\x65\x74\x61\x2f\x22\
\x20\x78\x3a\x78\x6d\x70\x74\x6b\x3d\x22\x58\x4d\x50\x20\x43\x6f\
\x72\x65\x20\x34\x2e\x34\x2e\x30\x2d\x45\x78\x69\x76\x32\x22\x3e\
\x0a\x20\x3c\x72\x64\x66\x3a\x52\x44\x46\x20\x78\x6d\x6c\x6e\x73\
\x3a\x72\x64\x66\x3d\x22\x68\x74\x74\x70\x3a\x2f\x2f\x77\x77\x77\
\x2e\x77\x33\x2e\x6f\x72\x67\x2f\x31\x39\x39\x39\x2f\x30\x32\x2f\
\x32\x32\x2d\x72\x64\x66\x2d\x73\x79\x6e\x74\x61\x78\x2d\x6e\x73\
\x23\x22\x3e\x0a\x20\x20\x3c\x72\x64\x66\x3a\x44\x65\x73\x63\x72\
\x69\x70\x74\x69\x6f\x6e\x20\x72\x64\x66\x3a\x61\x62\x6f\x75\x74\
\x3d\x22\x22\x0a\x20\x20\x20\x20\x78\x6d\x6c\x6e\x73\x3a\x78\x6d\
\x70\x4d\x4d\x3d\x22\x68\x74\x74\x70\x3a\x2f\x2f\x6e\x73\x2e\x61\
\x64\x6f\x62\x65\x2e\x63\x6f\x6d\x2f\x78\x61\x70\x2f\x31\x2e\x30\
\x2f\x6d\x6d\x2f\x22\x0a\x20\x20\x20\x20\x78\x6d\x6c\x6e\x73\x3a\
\x73\x74\x45\x76\x74\x3d\x22\x68\x74\x74\x70\x3a\x2f\x2f\x6e\x73\
\x2e\x61\x64\x6f\x62\x65\x2e\x63\x6f\x6d\x2f\x78\x61\x70\x2f\x31\
\x2e\x30\x2f\x73\x54\x79\x70\x65\x2f\x52\x65\x73\x6f\x75\x72\x63\
\x65\x45\x76\x65\x6e\x74\x23\x22\x0a\x20\x20\x20\x20\x78\x6d\x6c\
\x6e\x73\x3a\x64\x63\x3d\x22\x68\x74\x74\x70\x3a\x2f\x2f\x70\x75\
\x72\x6c\x2e\x6f\x72\x67\x2f\x64\x63\x2f\x65\x6c\x65\x6d\x65\x6e\
\x74\x73\x2f\x31\x2e\x31\x2f\x22\x0a\x20\x20\x20\x20\x78\x6d\x6c\
\x6e\x73\x3a\x47\x49\x4d\x50\x3d\x22\x68\x74\x74\x70\x3a\x2f\x2f\
\x77\x77\x77\x2e\x67\x69\x6d\x70\x2e\x6f\x72\x67\x2f\x78\x6d\x70\
\x2f\x22\x0a\x20\x20\x20\x20\x78\x6d\x6c\x6e\x73\x3a\x74\x69\x66\
\x66\x3d\x22\x68\x74\x74\x70\x3a\x2f\x2f\x6e\x73\x2e\x61\x64\x6f\
\x62\x65\x2e\x63\x6f\x6d\x2f\x74\x69\x66\x66\x2f\x31\x2e\x30\x2f\
\x22\x0a\x20\x20\x20\x20\x78\x6d\x6c\x6e\x73\x3a\x78\x6d\x70\x3d\
\x22\x68\x74\x74\x70\x3a\x2f\x2f\x6e\x73\x2e\x61\x64\x6f\x62\x65\
\x2e\x63\x6f\x6d\x2f\x78\x61\x70\x2f\x31\x2e\x30\x2f\x22\x0a\x20\
\x20\x20\x78\x6d\x70\x4d\x4d\x3a\x44\x6f\x63\x75\x6d\x65\x6e\x74\
\x49\x44\x3d\x22\x67\x69\x6d\x70\x3a\x64\x6f\x63\x69\x64\x3a\x67\
\x69\x6d\x70\x3a\x65\x62\x62\x32\x31\x62\x65\x61\x2d\x34\x32\x61\
\x65\x2d\x34\x35\x33\x39\x2d\x38\x31\x66\x37\x2d\x61\x32\x38\x38\
\x35\x30\x35\x36\x35\x30\x61\x37\x22\x0a\x20\x20\x20\x78\x6d\x70\
\x4d\x4d\x3a\x49\x6e\x73\x74\x61\x6e\x63\x65\x49\x44\x3d\x22\x78\
\x6d\x70\x2e\x69\x69\x64\x3a\x37\x34\x37\x34\x34\x37\x64\x61\x2d\
\x32\x34\x39\x33\x2d\x34\x62\x32\x33\x2d\x62\x62\x30\x39\x2d\x34\
\x39\x30\x35\x63\x30\x66\x64\x62\x37\x35\x64\x22\x0a\x20\x20\x20\
\x78\x6d\x70\x4d\x4d\x3a\x4f\x72\x69\x67\x69\x6e\x61\x6c\x44\x6f\
\x63\x75\x6d\x65\x6e\x74\x49\x44\x3d\x22\x78\x6d\x70\x2e\x64\x69\
\x64\x3a\x33\x66\x33\x62\x32\x66\x33\x38\x2d\x64\x37\x34\x30\x2d\
\x34\x34\x32\x39\x2d\x38\x39\x33\x31\x2d\x35\x35\x36\x30\x33\x37\
\x66\x35\x61\x30\x37\x33\x22\x0a\x20\x20\x20\x64\x63\x3a\x46\x6f\
\x72\x6d\x61\x74\x3d\x22\x69\x6d\x61\x67\x65\x2f\x70\x6e\x67\x22\
\x0a\x20\x20\x20\x47\x49\x4d\x50\x3a\x41\x50\x49\x3d\x22\x32\x2e\
\x30\x22\x0a\x20\x20\x20\x47\x49\x4d\x50\x3a\x50\x6c\x61\x74\x66\
\x6f\x72\x6d\x3d\x22\x57\x69\x6e\x64\x6f\x77\x73\x22\x0a\x20\x20\
\x20\x47\x49\x4d\x50\x3a\x54\x69\x6d\x65\x53\x74\x61\x6d\x70\x3d\
\x22\x31\x36\x39\x38\x33\x39\x36\x39\x34\x38\x35\x35\x30\x31\x34\
\x39\x22\x0a\x20\x20\x20\x47\x49\x4d\x50\x3a\x56\x65\x72\x73\x69\
\x6f\x6e\x3d\x22\x32\x2e\x31\x30\x2e\x33\x30\x22\x0a\x20\x20\x20\
\x74\x69\x66\x66\x3a\x4f\x72\x69\x65\x6e\x74\x61\x74\x69\x6f\x6e\
\x3d\x22\x31\x22\x0a\x20\x20\x20\x78\x6d\x70\x3a\x43\x72\x65\x61\
\x74\x6f\x72\x54\x6f\x6f\x6c\x3d\x22\x47\x49\x4d\x50\x20\x32\x2e\
\x31\x30\x22\x3e\x0a\x20\x20\x20\x3c\x78\x6d\x70\x4d\x4d\x3a\x48\
\x69\x73\x74\x6f\x72\x79\x3e\x0a\x20\x20\x20\x20\x3c\x72\x64\x66\
\x3a\x53\x65\x71\x3e\x0a\x20\x20\x20\x20\x20\x3c\x72\x64\x66\x3a\
\x6c\x69\x0a\x20\x20\x20\x20\x20\x20\x73\x74\x45\x76\x74\x3a\x61\
\x63\x74\x69\x6f\x6e\x3d\x22\x73\x61\x76\x65\x64\x22\x0a\x20\x20\
\x20\x20\x20\x20\x73\x74\x45\x76\x74\x3a\x63\x68\x61\x6e\x67\x65\
\x64\x3d\x22\x2f\x22\x0a\x20\x20\x20\x20\x20\x20\x73\x74\x45\x76\
\x74\x3a\x69\x6e\x73\x74\x61\x6e\x63\x65\x49\x44\x3d\x22\x78\x6d\
\x70\x2e\x69\x69\x64\x3a\x66\x34\x38\x66\x63\x37\x66\x62\x2d\x32\
\x33\x66\x62\x2d\x34\x61\x34\x33\x2d\x39\x37\x63\x33\x2d\x61\x66\
\x65\x31\x30\x65\x34\x38\x34\x65\x32\x30\x22\x0a\x20\x20\x20\x20\
\x20\x20\x73\x74\x45\x76\x74\x3a\x73\x6f\x66\x74\x77\x61\x72\x65\
\x41\x67\x65\x6e\x74\x3d\x22\x47\x69\x6d\x70\x20\x32\x2e\x31\x30\
\x20\x28\x57\x69\x6e\x64\x6f\x77\x73\x29\x22\x0a\x20\x20\x20\x20\
\x20\x20\x73\x74\x45\x76\x74\x3a\x77\x68\x65\x6e\x3d\x22\x32\x30\
\x32\x33\x2d\x30\x38\x2d\x31\x38\x54\x31\x31\x3a\x30\x37\x3a\x34\
\x38\x22\x2f\x3e\x0a\x20\x20\x20\x20\x20\x3c\x72\x64\x66\x3a\x6c\
\x69\x0a\x20\x20\x20\x20\x20\x20\x73\x74\x45\x76\x74\x3a\x61\x63\
\x74\x69\x6f\x6e\x3d\x22\x73\x61\x76\x65\x64\x22\x0a\x20\x20\x20\
\x20\x20\x20\x73\x74\x45\x76\x74\x3a\x63\x68\x61\x6e\x67\x65\x64\
\x3d\x22\x2f\x22\x0a\x20\x20\x20\x20\x20\x20\x73\x74\x45\x76\x74\
\x3a\x69\x6e\x73\x74\x61\x6e\x63\x65\x49\x44\x3d\x22\x78\x6d\x70\
\x2e\x69\x69\x64\x3a\x31\x62\x35\x32\x66\x37\x30\x64\x2d\x30\x30\
\x38\x62\x2d\x34\x35\x30\x39\x2d\x62\x32\x35\x35\x2d\x30\x62\x36\
\x34\x38\x35\x35\x64\x32\x64\x63\x37\x22\x0a\x20\x20\x20\x20\x20\
\x20\x73\x74\x45\x76\x74\x3a\x73\x6f\x66\x74\x77\x61\x72\x65\x41\
\x67\x65\x6e\x74\x3d\x22\x47\x69\x6d\x70\x20\x32\x2e\x31\x30\x20\
\x28\x57\x69\x6e\x64\x6f\x77\x73\x29\x22\x0a\x20\x20\x20\x20\x20\
\x20\x73\x74\x45\x76\x74\x3a\x77\x68\x65\x6e\x3d\x22\x32\x30\x32\
\x33\x2d\x31\x30\x2d\x32\x37\x54\x31\x30\x3a\x35\x35\x3a\x34\x38\
\x22\x2f\x3e\x0a\x20\x20\x20\x20\x3c\x2f\x72\x64\x66\x3a\x53\x65\
\x71\x3e\x0a\x20\x20\x20\x3c\x2f\x78\x6d\x70\x4d\x4d\x3a\x48\x69\
\x73\x74\x6f\x72\x79\x3e\x0a\x20\x20\x3c\x2f\x72\x64\x66\x3a\x44\
\x65\x73\x63\x72\x69\x70\x74\x69\x6f\x6e\x3e\x0a\x20\x3c\x2f\x72\
\x64\x66\x3a\x52\x44\x46\x3e\x0a\x3c\x2f\x78\x3a\x78\x6d\x70\x6d\
\x65\x74\x61\x3e\x0a\x20\x20\x20\x20\x20\x20\x20\x20\x20\x20\x20\
\x20\x20\x20\x20\x20\x20\x20\x20\x20\x20\x20\x20\x20\x20\x20\x20\
\x20\x20\x20\x20\x20\x20\x20\x20\x20\x20\x20\x20\x20\x20\x20\x20\
\x20\x20\x20\x20\x20\x20\x20\x20\x20\x20\x20\x20\x20\x20\x20\x20\
\x20\x20\x20\x20\x20\x20\x20\x20\x20\x20\x20\x20\x20\x20\x20\x20\
\x20\x20\x20\x20\x20\x20\x20\x20\x20\x20\x20\x20\x20\x20\x20\x20\
\x20\x20\x20\x20\x20\x20\x20\x20\x20\x0a\x20\x20\x20\x20\x20\x20\
\x20\x20\x20\x20\x20\x20\x20\x20\x20\x20\x20\x20\x20\x20\x20\x20\
\x20\x20\x20\x20\x20\x20\x20\x20\x20\x20\x20\x20\x20\x20\x20\x20\
\x20\x20\x20\x20\x20\x20\x20\x20\x20\x20\x20\x20\x20\x20\x20\x20\
\x20\x20\x20\x20\x20\x20\x20\x20\x20\x20\x20\x20\x20\x20\x20\x20\
\x20\x20\x20\x20\x20\x20\x20\x20\x20\x20\x20\x20\x20\x20\x20\x20\
\x20\x20\x20\x20\x20\x20\x20\x20\x20\x20\x20\x20\x20\x20\x0a\x20\
\x20\x20\x20\x20\x20\x20\x20\x20\x20\x20\x20\x20\x20\x20\x20\x20\
\x20\x20\x20\x20\x20\x20\x20\x20\x20\x20\x20\x20\x20\x20\x20\x20\
\x20\x20\x20\x20\x20\x20\x20\x20\x20\x20\x20\x20\x20\x20\x20\x20\
\x20\x20\x20\x20\x20\x20\x20\x20\x20\x20\x20\x20\x20\x20\x20\x20\
\x20\x20\x20\x20\x20\x20\x20\x20\x20\x20\x20\x20\x20\x20\x20\x20\
\x20\x20\x20\x20\x20\x20\x20\x20\x20\x20\x20\x20\x20\x20\x20\x20\
\x20\x20\x20\x0a\x20\x20\x20\x20\x20\x20\x20\x20\x20\x20\x20\x20\
\x20\x20\x20\x20\x20\x20\x20\x20\x20\x20\x20\x20\x20\x20\x20\x20\
\x20\x20\x20\x20\x20\x20\x20\x20\x20\x20\x20\x20\x20\x20\x20\x20\
\x20\x20\x20\x20\x20\x20\x20\x20\x20\x20\x20\x20\x20\x20\x20\x20\
\x20\x20\x20\x20\x20\x20\x20\x20\x20\x20\x20\x20\x20\x20\x20\x20\
\x20\x20\x20\x20\x20\x20\x20\x20\x20\x20\x20\x20\x20\x20\x20\x20\
\x20\x20\x20\x20\x20\x20\x20\x20\x0a\x20\x20\x20\x20\x20\x20\x20\
\x20\x20\x20\x20\x20\x20\x20\x20\x20\x20\x20\x20\x20\x20\x20\x20\
\x20\x20\x20\x20\x20\x20\x20\x20\x20\x20\x20\x20\x20\x20\x20\x20\
\x20\x20\x20\x20\x20\x20\x20\x20\x20\x20\x20\x20\x20\x20\x20\x20\
\x20\x20\x20\x20\x20\x20\x20\x20\x20\x20\x20\x20\x20\x20\x20\x20\
\x20\x20\x20\x20\x20\x20\x20\x20\x20\x20\x20\x20\x20\x20\x20\x20\
\x20\x20\x20\x20\x20\x20\x20\x20\x20\x20\x20\x20\x20\x0a\x20\x20\
\x20\x20\x20\x20\x20\x20\x20\x20\x20\x20\x20\x20\x20\x20\x20\x20\
\x20\x20\x20\x20\x20\x20\x20\x20\x20\x20\x20\x20\x20\x20\x20\x20\
\x20\x20\x20\x20\x20\x20\x20\x20\x20\x20\x20\x20\x20\x20\x20\x20\
\x20\x20\x20\x20\x20\x20\x20\x20\x20\x20\x20\x20\x20\x20\x20\x20\
\x20\x20\x20\x20\x20\x20\x20\x20\x20\x20\x20\x20\x20\x20\x20\x20\
\x20\x20\x20\x20\x20\x20\x20\x20\x20\x20\x20\x20\x20\x20\x20\x20\
\x20\x20\x0a\x20\x20\x20\x20\x20\x20\x20\x20\x20\x20\x20\x20\x20\
\x20\x20\x20\x20\x20\x20\x20\x20\x20\x20\x20\x20\x20\x20\x20\x20\
\x20\x20\x20\x20\x20\x20\x20\x20\x20\x20\x20\x20\x20\x20\x20\x20\
\x20\x20\x20\x20\x20\x20\x20\x20\x20\x20\x20\x20\x20\x20\x20\x20\
\x20\x20\x20\x20\x20\x20\x20\x20\x20\x20\x20\x20\x20\x20\x20\x20\
\x20\x20\x20\x20\x20\x20\x20\x20\x20\x20\x20\x20\x20\x20\x20\x20\
\x20\x20\x20\x20\x20\x20\x20\x0a\x20\x20\x20\x20\x20\x20\x20\x20\
\x20\x20\x20\x20\x20\x20\x20\x20\x20\x20\x20\x20\x20\x20\x20\x20\
\x20\x20\x20\x20\x20\x20\x20\x20\x20\x20\x20\x20\x20\x20\x20\x20\
\x20\x20\x20\x20\x20\x20\x20\x20\x20\x20\x20\x20\x20\x20\x20\x20\
\x20\x20\x20\x20\x20\x20\x20\x20\x20\x20\x20\x20\x20\x20\x20\x20\
\x20\x20\x20\x20\x20\x20\x20\x20\x20\x20\x20\x20\x20\x20\x20\x20\
\x20\x20\x20\x20\x20\x20\x20\x20\x20\x20\x20\x20\x0a\x20\x20\x20\
\x20\x20\x20\x20\x20\x20\x20\x20\x20\x20\x20\x20\x20\x20\x20\x20\
\x20\x20\x20\x20\x20\x20\x20\x20\x20\x20\x20\x20\x20\x20\x20\x20\
\x20\x20\x20\x20\x20\x20\x20\x20\x20\x20\x20\x20\x20\x20\x20\x20\
\x20\x20\x20\x20\x20\x20\x20\x20\x20\x20\x20\x20\x20\x20\x20\x20\
\x20\x20\x20\x20\x20\x20\x20\x20\x20\x20\x20\x20\x20\x20\x20\x20\
\x20\x20\x20\x20\x20\x20\x20\x20\x20\x20\x20\x20\x20\x20\x20\x20\
\x20\x0a\x20\x20\x20\x20\x20\x20\x20\x20\x20\x20\x20\x20\x20\x20\
\x20\x20\x20\x20\x20\x20\x20\x20\x20\x20\x20\x20\x20\x20\x20\x20\
\x20\x20\x20\x20\x20\x20\x20\x20\x20\x20\x20\x20\x20\x20\x20\x20\
\x20\x20\x20\x20\x20\x20\x20\x20\x20\x20\x20\x20\x20\x20\x20\x20\
\x20\x20\x20\x20\x20\x20\x20\x20\x20\x20\x20\x20\x20\x20\x20\x20\
\x20\x20\x20\x20\x20\x20\x20\x20\x20\x20\x20\x20\x20\x20\x20\x20\
\x20\x20\x20\x20\x20\x20\x0a\x20\x20\x20\x20\x20\x20\x20\x20\x20\
\x20\x20\x20\x20\x20\x20\x20\x20\x20\x20\x20\x20\x20\x20\x20\x20\
\x20\x20\x20\x20\x20\x20\x20\x20\x20\x20\x20\x20\x20\x20\x20\x20\
\x20\x20\x20\x20\x20\x20\x20\x20\x20\x20\x20\x20\x20\x20\x20\x20\
\x20\x20\x20\x20\x20\x20\x20\x20\x20\x20\x20\x20\x20\x20\x20\x20\
\x20\x20\x20\x20\x20\x20\x20\x20\x20\x20\x20\x20\x20\x20\x20\x20\
\x20\x20\x20\x20\x20\x20\x20\x20\x20\x20\x20\x0a\x20\x20\x20\x20\
\x20\x20\x20\x20\x20\x20\x20\x20\x20\x20\x20\x20\x20\x20\x20\x20\
\x20\x20\x20\x20\x20\x20\x20\x20\x20\x20\x20\x20\x20\x20\x20\x20\
\x20\x20\x20\x20\x20\x20\x20\x20\x20\x20\x20\x20\x20\x20\x20\x20\
\x20\x20\x20\x20\x20\x20\x20\x20\x20\x20\x20\x20\x20\x20\x20\x20\
\x20\x20\x20\x20\x20\x20\x20\x20\x20\x20\x20\x20\x20\x20\x20\x20\
\x20\x20\x20\x20\x20\x20\x20\x20\x20\x20\x20\x20\x20\x20\x20\x20\
\x0a\x20\x20\x20\x20\x20\x20\x20\x20\x20\x20\x20\x20\x20\x20\x20\
\x20\x20\x20\x20\x20\x20\x20\x20\x20\x20\x20\x20\x20\x20\x20\x20\
\x20\x20\x20\x20\x20\x20\x20\x20\x20\x20\x20\x20\x20\x20\x20\x20\
\x20\x20\x20\x20\x20\x20\x20\x20\x20\x20\x20\x20\x20\x20\x20\x20\
\x20\x20\x20\x20\x20\x20\x20\x20\x20\x20\x20\x20\x20\x20\x20\x20\
\x20\x20\x20\x20\x20\x20\x20\x20\x20\x20\x20\x20\x20\x20\x20\x20\
\x20\x20\x20\x20\x20\x0a\x20\x20\x20\x20\x20\x20\x20\x20\x20\x20\
\x20\x20\x20\x20\x20\x20\x20\x20\x20\x20\x20\x20\x20\x20\x20\x20\
\x20\x20\x20\x20\x20\x20\x20\x20\x20\x20\x20\x20\x20\x20\x20\x20\
\x20\x20\x20\x20\x20\x20\x20\x20\x20\x20\x20\x20\x20\x20\x20\x20\
\x20\x20\x20\x20\x20\x20\x20\x20\x20\x20\x20\x20\x20\x20\x20\x20\
\x20\x20\x20\x20\x20\x20\x20\x20\x20\x20\x20\x20\x20\x20\x20\x20\
\x20\x20\x20\x20\x20\x20\x20\x20\x20\x20\x0a\x20\x20\x20\x20\x20\
\x20\x20\x20\x20\x20\x20\x20\x20\x20\x20\x20\x20\x20\x20\x20\x20\
\x20\x20\x20\x20\x20\x20\x20\x20\x20\x20\x20\x20\x20\x20\x20\x20\
\x20\x20\x20\x20\x20\x20\x20\x20\x20\x20\x20\x20\x20\x20\x20\x20\
\x20\x20\x20\x20\x20\x20\x20\x20\x20\x20\x20\x20\x20\x20\x20\x20\
\x20\x20\x20\x20\x20\x20\x20\x20\x20\x20\x20\x20\x20\x20\x20\x20\
\x20\x20\x20\x20\x20\x20\x20\x20\x20\x20\x20\x20\x20\x20\x20\x0a\
\x20\x20\x20\x20\x20\x20\x20\x20\x20\x20\x20\x20\x20\x20\x20\x20\
\x20\x20\x20\x20\x20\x20\x20\x20\x20\x20\x20\x20\x20\x20\x20\x20\
\x20\x20\x20\x20\x20\x20\x20\x20\x20\x20\x20\x20\x20\x20\x20\x20\
\x20\x20\x20\x20\x20\x20\x20\x20\x20\x20\x20\x20\x20\x20\x20\x20\
\x20\x20\x20\x20\x20\x20\x20\x20\x20\x20\x20\x20\x20\x20\x20\x20\
\x20\x20\x20\x20\x20\x20\x20\x20\x20\x20\x20\x20\x20\x20\x20\x20\
\x20\x20\x20\x20\x0a\x20\x20\x20\x20\x20\x20\x20\x20\x20\x20\x20\
\x20\x20\x20\x20\x20\x20\x20\x20\x20\x20\x20\x20\x20\x20\x20\x20\
\x20\x20\x20\x20\x20\x20\x20\x20\x20\x20\x20\x20\x20\x20\x20\x20\
\x20\x20\x20\x20\x20\x20\x20\x20\x20\x20\x20\x20\x20\x20\x20\x20\
\x20\x20\x20\x20\x20\x20\x20\x20\x20\x20\x20\x20\x20\x20\x20\x20\
\x20\x20\x20\x20\x20\x20\x20\x20\x20\x20\x20\x20\x20\x20\x20\x20\
\x20\x20\x20\x20\x20\x20\x20\x20\x20\x0a\x20\x20\x20\x20\x20\x20\
\x20\x20\x20\x20\x20\x20\x20\x20\x20\x20\x20\x20\x20\x20\x20\x20\
\x20\x20\x20\x20\x20\x20\x20\x20\x20\x20\x20\x20\x20\x20\x20\x20\
\x20\x20\x20\x20\x20\x20\x20\x20\x20\x20\x20\x20\x20\x20\x20\x20\
\x20\x20\x20\x20\x20\x20\x20\x20\x20\x20\x20\x20\x20\x20\x20\x20\
\x20\x20\x20\x20\x20\x20\x20\x20\x20\x20\x20\x20\x20\x20\x20\x20\
\x20\x20\x20\x20\x20\x20\x20\x20\x20\x20\x20\x20\x20\x20\x0a\x20\
\x20\x20\x20\x20\x20\x20\x20\x20\x20\x20\x20\x20\x20\x20\x20\x20\
\x20\x20\x20\x20\x20\x20\x20\x20\x20\x20\x20\x20\x20\x20\x20\x20\
\x20\x20\x20\x20\x20\x20\x20\x20\x20\x20\x20\x20\x20\x20\x20\x20\
\x20\x20\x20\x20\x20\x20\x20\x20\x20\x20\x20\x20\x20\x20\x20\x20\
\x20\x20\x20\x20\x20\x20\x20\x20\x20\x20\x20\x20\x20\x20\x20\x20\
\x20\x20\x20\x20\x20\x20\x20\x20\x20\x20\x20\x20\x20\x20\x20\x20\
\x20\x20\x20\x0a\x20\x20\x20\x20\x20\x20\x20\x20\x20\x20\x20\x20\
\x20\x20\x20\x20\x20\x20\x20\x20\x20\x20\x20\x20\x20\x20\x20\x20\
\x20\x20\x20\x20\x20\x20\x20\x20\x20\x20\x20\x20\x20\x20\x20\x20\
\x20\x20\x20\x20\x20\x20\x20\x20\x20\x20\x20\x20\x20\x20\x20\x20\
\x20\x20\x20\x20\x20\x20\x20\x20\x20\x20\x20\x20\x20\x20\x20\x20\
\x20\x20\x20\x20\x20\x20\x20\x20\x20\x20\x20\x20\x20\x20\x20\x20\
\x20\x20\x20\x20\x20\x20\x20\x20\x0a\x20\x20\x20\x20\x20\x20\x20\
\x20\x20\x20\x20\x20\x20\x20\x20\x20\x20\x20\x20\x20\x20\x20\x20\
\x20\x20\x20\x20\x0a\x3c\x3f\x78\x70\x61\x63\x6b\x65\x74\x20\x65\
\x6e\x64\x3d\x22\x77\x22\x3f\x3e\xd6\xc5\x08\xe3\x00\x00\x00\x09\
\x70\x48\x59\x73\x00\x00\x0b\x13\x00\x00\x0b\x13\x01\x00\x9a\x9c\
\x18\x00\x00\x00\x07\x74\x49\x4d\x45\x07\xe7\x0a\x1b\x08\x37\x30\
\xb2\xf0\x88\x85\x00\x00\x01\x63\x49\x44\x41\x54\x38\xcb\x9d\x55\
\x3b\x56\x03\x31\x0c\x9c\x71\x16\x0a\x28\x68\x68\xb9\x45\x38\x10\
\x05\x39\x54\xb8\x08\x17\xa0\x82\x53\x70\x05\xf2\x78\x8f\x46\x43\
\x21\xaf\x57\x72\xbc\xcb\x47\x2f\xef\xc5\x8e\xec\x59\xed\xcc\x48\
\xe1\x9b\x0e\x98\x43\xaa\x0b\x12\x29\x84\xad\x20\x4a\x84\x20\x01\
\xb0\x42\x28\x7c\x36\x21\x80\x86\x22\xdf\x82\xd4\x92\x66\x3d\x04\
\x40\x2a\x1b\x50\x25\xa2\x4a\xf2\xa2\xfc\xd5\xcc\x96\x2c\x8b\x81\
\xa3\x42\x04\x08\x53\x2d\x9e\xd8\xf3\x78\x79\xc5\xeb\x9b\xdd\xe7\
\x87\x7d\x9d\xcc\x8f\xbd\xda\x21\x71\x34\xe4\x8b\x98\x1c\xc2\xe3\
\xe5\xf4\xd8\x48\x11\x74\x5f\x9e\xce\x69\x36\xc9\x99\x93\xa9\xec\
\xe8\x3f\x4e\x01\x04\x24\x20\x98\xa7\x05\x00\x7b\x1e\xd7\xb8\xb8\
\xbd\xbb\x78\x7e\x7f\xf0\xf5\x94\x9e\x26\x00\x28\xa5\x4a\x15\x4d\
\x70\x1e\xcb\x03\x9a\xd2\xcd\x29\xbd\xac\x4d\xe9\x91\xe4\xed\xd6\
\x24\xa5\x2b\x44\xe3\x25\xb0\xa9\x9e\x4e\x33\x45\x73\x16\x72\xd9\
\xf8\xb7\x89\x0a\xd7\x95\x05\x92\x08\xa1\x64\xda\x53\x2d\x7e\x94\
\xf9\xcd\x98\x58\xe3\x62\xcb\x50\x5a\xc9\x24\x30\x1c\x0f\xd6\x65\
\xdf\x51\x5a\xf5\xae\xdb\x5f\xa1\x1b\x19\x0c\x8a\x11\x7d\x7d\x1f\
\xad\x84\x50\x7e\x84\x18\xa1\x34\xb2\x6b\x43\x27\xad\x4c\x4b\x32\
\xb1\xbb\xdd\xf2\x33\x97\x9a\x15\xad\x0b\x6a\x9d\x97\x54\xb9\x49\
\x1a\x4f\x29\xb3\x2a\x83\xbb\xa6\xef\x80\x8d\xae\x09\x23\x02\xb2\
\xb9\x84\x32\x6b\xd8\x35\x8b\x99\x6a\x4e\xeb\x03\x61\x6b\x4a\x65\
\xf8\x3f\xc5\xb4\xa6\xf0\x70\xab\xf3\xc1\x8e\x5f\xf8\x25\xcd\xd3\
\x00\x21\xfd\x03\x85\xfd\xdf\x4b\x57\xd1\x37\x8c\x13\x94\x68\x64\
\x5e\xb8\x4e\x00\x00\x00\x00\x49\x45\x4e\x44\xae\x42\x60\x82\
\x00\x00\x01\x1f\
\x89\
\x50\x4e\x47\x0d\x0a\x1a\x0a\x00\x00\x00\x0d\x49\x48\x44\x52\x00\
\x00\x00\x20\x00\x00\x00\x20\x08\x02\x00\x00\x00\xfc\x18\xed\xa3\
\x00\x00\x00\x09\x70\x48\x59\x73\x00\x00\x0b\x13\x00\x00\x0b\x13\
\x01\x00\x9a\x9c\x18\x00\x00\x00\xd1\x49\x44\x41\x54\x48\x89\xed\
\x95\xd1\x0d\x83\x30\x0c\x44\x7d\x55\x67\xe9\x02\x74\x80\x4c\x93\
\x2e\xc0\x18\x5d\xa0\xcc\x14\x16\x60\x19\xf7\x03\x14\xd1\x10\x5c\
\x0c\x36\x1f\x55\xef\x2b\x88\xe8\x1e\x17\xc7\x18\x89\x23\x79\xea\
\xe2\xea\xfe\x07\xfc\x0a\xa0\x41\xe7\x0b\xe8\x39\x0a\x8c\xab\xca\
\x4b\x30\x6a\xd0\xf5\xb5\x96\xd2\x01\xaa\x16\xb2\xcc\x12\xac\xe1\
\x11\x28\x3c\xf9\xa6\x62\xa8\x72\x20\x71\x6c\x31\x10\xd1\x76\x8c\
\x8a\x81\xfc\xb3\xcb\x98\x71\xa1\x42\x6e\x02\xcc\x19\xd5\xc7\x9d\
\x80\x40\x21\xbb\xb4\x18\x0a\xbb\x9c\x66\x3f\x60\x4c\x20\x7c\xec\
\x92\xaa\xd2\xd4\xc9\x26\xc7\x2d\x01\xfc\x54\x16\xd9\xbc\x06\x65\
\x27\xcf\x19\x36\xb7\x68\x39\xf4\x1d\xfb\xe0\xab\xee\x78\x09\x6f\
\x13\x3f\x8e\x02\x04\x70\xd5\x9d\x4c\x6e\x91\xe0\x4e\x56\x09\x04\
\x9d\x37\xf4\xd9\x1b\x80\xf5\x3d\x87\xd8\x5b\x46\xa6\x96\xfd\xb1\
\x5f\x37\x93\x35\xec\x49\xee\x45\x7e\x03\x75\xbe\x61\xab\x96\x6e\
\x6d\x2c\x00\x00\x00\x00\x49\x45\x4e\x44\xae\x42\x60\x82\
\x00\x00\x04\x04\
\x89\
\x50\x4e\x47\x0d\x0a\x1a\x0a\x00\x00\x00\x0d\x49\x48\x44\x52\x00\
\x00\x00\x20\x00\x00\x00\x20\x08\x02\x00\x00\x00\xfc\x18\xed\xa3\
\x00\x00\x03\xcb\x49\x44\x41\x54\x48\x4b\xb5\x96\xcf\x4b\x2b\x57\
\x14\xc7\xcf\xe4\xce\xe4\xc7\x24\xd1\xf4\xf5\xd1\xa2\xf4\x2d\x52\
\x22\x14\x25\x41\x42\xa0\xb8\x70\xa5\x0b\x23\x66\xe7\xae\x3b\x17\
\xdd\xf8\x0f\xb4\xae\x0a\x2d\xd8\x6d\xfd\x0f\xfc\x0b\x04\x89\x20\
\x26\xab\x24\x0b\xc1\x27\x28\x64\xa1\xf8\x23\x36\x1b\x6d\x23\x99\
\x21\xc9\x64\x32\x73\xef\xdc\xdb\xc5\xa1\xc3\x64\x8c\x51\x7c\xef\
\x7d\x16\xc3\x9d\x93\xef\xb9\xdf\x7b\xce\xbd\x33\x13\xe9\xa3\xf8\
\x19\xbe\x24\x01\x7f\xe0\x73\x23\xfb\x03\xc3\xbc\xff\x7b\xab\xd1\
\x68\x30\xc6\x24\x49\xc2\x08\x0e\x64\x59\x4e\x26\x93\xff\x7e\xf8\
\x63\x48\x3d\x8a\x17\x0c\x1a\x8d\x46\x34\x1a\x55\x14\x05\x00\x84\
\x10\x18\x14\x42\x58\x96\x55\xaf\xd7\xbf\xf9\x30\x24\x1e\xc9\x38\
\x83\x64\x7b\xbb\xd6\xa9\xa5\xd3\xe9\x58\x2c\x46\x08\x71\xe3\x8e\
\xe3\xf4\x7a\xbd\xa3\xa3\xa3\x1f\xdb\xdb\x8d\x77\xbf\x7a\x32\x46\
\x30\xce\x00\x00\xfa\xfd\xbe\xae\xeb\xa6\x69\xea\xba\xee\x06\x27\
\x27\x27\x29\xa5\x86\x61\x78\x84\xcf\x22\x79\x4f\xd1\xf4\xfd\x6f\
\xe7\xe7\xe7\x97\x97\x97\xd8\x0d\x21\xc4\xc4\xc4\xc4\xfc\xfc\x3c\
\xa5\xd4\xb2\x2c\x57\x16\x0c\x06\x43\xa1\x50\xb5\x5a\xb5\x2c\x2b\
\x10\x08\x08\x21\x08\x21\xa9\x54\x2a\x9b\xcd\xfe\xf3\xdd\xef\xae\
\x0c\x19\xaa\xe0\xec\xec\xcc\x34\xcd\xc5\xc5\x45\x00\xe0\x9c\xdf\
\xde\xde\x76\xbb\xdd\x78\x3c\x3e\x18\x0c\x54\x55\xf5\x2a\xc3\xe1\
\xb0\xaa\xaa\xaa\xaa\x66\x32\x19\x42\x08\x63\xac\xd9\x6c\x1e\x1f\
\x1f\x27\xd7\xbd\x2a\x00\x5f\x05\xb5\xbf\x66\x17\x16\x16\x74\x5d\
\xe7\x9c\x37\x9b\xcd\x40\x20\xb0\xbe\xbe\xae\x28\x8a\xbb\xbd\x2e\
\x78\x96\x0e\x0f\x0f\xaf\xae\xae\xe6\xe6\xe6\xc2\xe1\x70\x3c\x1e\
\xaf\x56\xab\x1b\x1b\x1b\x77\x5f\x6f\x79\x95\x43\x15\x50\x4a\x65\
\x59\x06\x00\xc6\xd8\xe3\xe3\x63\x26\x93\x39\x39\x39\xf1\x0a\x7c\
\xc4\x62\x31\xc3\x30\x7a\xbd\x5e\x28\x14\x22\x84\x08\x21\x1c\xc7\
\xf1\x69\x86\x0c\x38\xe7\xb8\x58\xc7\x71\x18\x63\x95\x4a\x45\xfc\
\x0f\xfe\xe4\xbb\xe5\x9c\xab\xaa\x1a\x0a\x85\x00\x40\x8c\x9a\x1d\
\x9e\x1a\xe0\x40\x51\x94\x54\x2a\xa5\x69\x1a\x63\x0c\x3c\x4f\x80\
\x0f\x42\x48\x22\x91\x40\x03\xf0\xa4\x7b\xf1\x1b\xe0\x5c\x98\x19\
\x8f\xc7\x9f\x9b\x1a\x91\x24\x89\x10\x82\x8f\x88\x24\x49\x8e\xe3\
\x3c\xd5\x0f\x19\xd8\xb6\x8d\x0a\x49\x92\x64\x59\xc6\xfd\x78\x25\
\x9c\x73\xdb\xb6\xfd\x51\xdf\xcb\xce\xad\xe0\x0d\xe0\x96\xf8\xa3\
\xbe\x0a\x18\x63\xcf\xe9\x5e\x04\xcf\x85\x3f\x3a\x72\x0f\x5e\x2c\
\xe2\xf4\xf4\x94\x31\xc6\x39\xf7\x55\xac\x28\xca\xce\xce\x0e\xc0\
\xfb\xd9\xd9\xd9\x1f\x7e\xaa\x60\xd0\x6f\xf0\x9a\x2e\xf5\xfb\xfd\
\xe5\xe5\x65\x5c\x8a\x10\xa2\x54\x2a\x2d\x2d\x2d\xb9\x2b\x2b\x95\
\x4a\xde\x52\xfc\x06\xae\x6e\x3c\xa5\x52\x09\x65\x78\x2d\x97\xcb\
\x38\xc6\x5b\x4a\xa9\xab\x7c\x8b\x41\x2e\x97\x2b\x14\x0a\x42\x08\
\xce\x79\xbf\xdf\x2f\x97\xcb\xab\xab\xab\x58\x7d\xab\xd5\xda\xdc\
\xdc\x9c\x99\x99\x71\xc5\x6f\x31\x40\x2c\xcb\x72\x1c\xc7\x4d\xd1\
\x34\x8d\x52\xda\xed\x76\x01\xe0\x53\x5b\x24\x84\xd8\xdf\xdf\x47\
\x25\xa6\x14\x8b\x45\xbc\xc5\xdc\x71\x2d\x7a\xcd\x26\x03\xc0\xda\
\xda\x1a\x2a\x75\x5d\xaf\x54\x2a\xf9\x7c\x1e\x73\x6f\x6e\x6e\x60\
\xbc\x81\xbb\x8a\x31\xa0\xc6\x30\x0c\x7c\x37\xa0\xbe\xd5\x6a\x61\
\xc7\xe0\x73\xb5\x08\x3c\xfa\x83\x83\x03\x1c\x60\xae\xbf\x82\xef\
\xb5\x3f\x85\x10\x9c\x73\xce\xb7\x5e\xd9\xa2\x42\xa1\x80\xcb\x6f\
\xb7\xdb\xb5\x5a\x6d\x65\x65\x05\x13\xaf\xaf\xaf\x01\x80\x52\x9a\
\x6c\x6f\x4b\x92\x74\xfb\xd5\x2f\x32\x00\xd8\xb6\x6d\xdb\x36\xa5\
\x34\x10\x08\x0c\x06\x83\x17\x0d\x70\xa5\x9d\x4e\x87\x31\x86\xdf\
\x00\x21\xc4\xc3\xc3\x03\x6e\x03\x00\x30\xc6\x0c\xc3\x08\x06\x83\
\x80\x15\x74\x3a\x1d\xd3\x34\x07\x83\x41\x32\x99\xac\xd7\xeb\xd9\
\x6c\x76\x78\x42\x3f\x9a\xa6\xed\xed\xed\xb9\xfd\x21\x84\x14\x8b\
\x45\xaf\x80\x52\xaa\x69\x5a\x24\x12\x81\x6f\x41\x06\x00\xce\xb9\
\x69\x9a\xf7\xf7\xf7\x96\x65\xdd\xdd\xdd\x5d\x5c\x5c\x78\xd5\x4f\
\xc9\xe7\xf3\xbb\xbb\xbb\xfe\xa8\x07\x4a\xa9\x69\x9a\xf8\x21\x92\
\x01\x20\x12\x89\xe0\x75\x7a\x7a\xda\x34\xcd\x6e\xb7\x8b\x95\x3e\
\x47\xa5\x52\x49\xa7\xd3\xb8\xfc\x91\x4c\x4d\x4d\x25\x12\x89\x48\
\x24\xd2\x43\x83\x68\x34\x1a\x0e\x87\x5f\x79\x84\x00\x20\x97\xcb\
\xf9\x43\x4f\x90\x65\x99\x10\xd2\xf2\xfd\x6d\xf9\x12\xfc\x07\xed\
\xa6\x22\x88\xd1\xc0\x85\xfe\x00\x00\x00\x00\x49\x45\x4e\x44\xae\
\x42\x60\x82\
\x00\x00\x02\x62\
\x89\
\x50\x4e\x47\x0d\x0a\x1a\x0a\x00\x00\x00\x0d\x49\x48\x44\x52\x00\
\x00\x00\x17\x00\x00\x00\x18\x08\x02\x00\x00\x00\x9e\x1e\xf1\x22\
\x00\x00\x00\x09\x70\x48\x59\x73\x00\x00\x0b\x13\x00\x00\x0b\x13\
\x01\x00\x9a\x9c\x18\x00\x00\x02\x14\x49\x44\x41\x54\x38\x4f\x63\
\x3c\xf3\x3f\x8d\x81\x62\xc0\x84\xcc\xe9\x69\x0f\xb9\x7d\x7b\xe6\
\x9d\xeb\x33\xe7\xcd\x2f\x44\x16\x27\x08\x18\xe1\x6e\x99\x39\xaf\
\xe8\xff\x1f\xd9\xef\x4c\xef\x3e\xbd\x79\xc7\xc8\xcd\x25\xc0\xc5\
\x95\x97\xdc\x88\xaa\x18\x27\x60\x81\x50\xed\x93\x6b\x3e\x7e\xfa\
\xf5\xe6\xe3\xd9\x39\x5d\x4b\xe0\x72\xf9\xa5\xd1\x13\xbb\x97\xc2\
\xb9\x78\x00\xd4\x47\xb7\x1f\xbf\x7e\xf6\xe1\x3d\xb2\x11\x0c\x0c\
\x0c\xd7\xb7\xd4\x20\x73\xf1\x00\x16\x06\x06\x86\xf2\xfa\x92\x37\
\x6f\xee\x73\xf2\xf0\x22\x4b\xfc\x7c\x2d\xed\x1a\x79\x87\x81\x81\
\x41\xf7\xf7\xd4\x97\x6f\x3e\x3d\x7f\xf5\x81\x95\x99\x59\x45\x41\
\xec\x16\x4f\x01\xb2\x32\x08\x60\x62\x60\x60\x48\x89\x51\xfd\xfa\
\xfe\xff\xcb\xbb\x07\xe1\xa2\x47\x8f\x7d\xbc\xfa\x6c\xaa\x53\xd8\
\x2b\x06\x06\x86\xcb\xac\xd9\xaf\x24\x2b\xe5\xa4\x84\x0f\x9d\xbc\
\x9e\x5f\xbb\xe0\xc8\x1c\x3f\xd5\x2f\x13\xe0\x2a\x21\x80\x89\x81\
\x81\x61\xcb\xc1\x27\x0c\xdf\xb6\x1e\xd8\x7a\x1f\x2e\x3a\x7b\xee\
\x81\x47\x6f\x3f\x5f\x39\xf7\x07\x2e\xf2\x54\xb4\x2c\x23\xd6\x59\
\x5a\x42\x70\xe9\x9a\x83\xde\x91\x8d\x02\x0f\x1a\xef\x6f\x8a\x85\
\xcb\x32\x31\x30\x30\x68\xc8\x57\x31\x3f\xba\x00\x17\x62\x60\x60\
\xb0\x74\xfa\xf1\xfa\xe3\xff\xf8\x28\x3b\x64\xc1\x2b\x6c\x39\x25\
\x59\x7e\x3c\x9c\xec\x8f\x9f\xbc\x72\x09\xa8\xd8\x7b\xe0\x1c\x5c\
\x8a\x85\x81\x81\xc1\xd3\x95\xf3\xcf\xe4\x5f\x13\x5a\x1f\x9d\x3b\
\x7d\xc7\xce\x55\xf5\x1f\xff\xb9\xcf\x3f\x3f\xb2\x7c\x54\x42\x18\
\x00\x03\x47\x4f\x5e\xff\xf6\xed\xfb\xff\x7f\x7f\xff\xfd\xfd\x6b\
\x65\xae\xc5\xc0\x70\x15\x22\x0e\x8d\x23\x5f\x17\xfd\xd7\xff\xaf\
\x4b\xdb\x3d\xbe\xfe\x75\xfb\x93\x17\x5f\x2e\xee\x51\x2a\xc8\x72\
\x41\xe8\x86\x01\x53\x43\x95\x10\x5f\x2b\x11\x21\xbe\xff\xff\xff\
\x99\x1b\x6b\xc0\xc5\x11\xa9\x8e\x78\xa0\xff\x67\xda\x9a\x8d\x87\
\xc3\x83\xec\xcf\x31\x66\x40\x44\xc8\x31\x05\x13\xa0\xe4\x23\x62\
\x00\xd6\xbc\x46\x9a\x5b\x70\xe5\x35\x68\x3e\x22\x06\xe0\xc9\x6b\
\x24\xf8\x08\x4f\x5e\x23\xd6\x94\xf2\xfa\x92\x37\x6f\xde\xfc\xfc\
\xf9\x1b\x59\xf0\xe7\x6b\x69\xd7\x48\x56\x06\xe2\x4d\xc1\x9f\xd7\
\x88\x35\x05\x7f\x5e\x23\xd6\x14\xfc\x79\x8d\xd8\x38\xc2\x9f\xd7\
\x48\x4b\x2f\xd5\x2d\x3b\xff\x71\xbd\xf8\xf5\xe7\x27\x37\x13\xf7\
\xfd\xb3\xe2\x8b\x97\x43\xf3\x1a\x69\xa6\xe0\x02\x00\x75\xf6\x22\
\xaa\x84\xb1\x2c\x6a\x00\x00\x00\x00\x49\x45\x4e\x44\xae\x42\x60\
\x82\
\x00\x00\x03\x79\
\x89\
\x50\x4e\x47\x0d\x0a\x1a\x0a\x00\x00\x00\x0d\x49\x48\x44\x52\x00\
\x00\x00\x20\x00\x00\x00\x20\x08\x02\x00\x00\x00\xfc\x18\xed\xa3\
\x00\x00\x00\x09\x70\x48\x59\x73\x00\x00\x0b\x13\x00\x00\x0b\x13\
\x01\x00\x9a\x9c\x18\x00\x00\x03\x2b\x49\x44\x41\x54\x48\x4b\xb5\
\x96\xcd\x6e\xdb\x46\x10\xc7\x67\x96\x4b\xee\x52\x4b\x49\x6e\x24\
\xda\x09\xac\xa2\xae\x9d\x02\x05\x72\x49\x4f\x45\x0c\x14\x7d\x81\
\x9c\x72\x6f\x8e\x7d\x88\x3e\x40\x1f\xa4\xb9\xf7\xe4\x9e\x5b\x20\
\x80\x7a\x29\x90\x14\xe8\xa1\xc9\x25\x49\xe3\x38\xfe\x12\x25\x51\
\x22\x97\x12\x45\x4e\x0f\x12\x29\x8a\x56\x04\x45\x6a\x7f\x17\x89\
\x33\x98\xfd\xcf\xec\xce\x0e\x89\x7f\xd0\xf7\xf0\x7f\xc2\xcb\x06\
\xa0\xb2\x01\x00\x00\xcb\x86\xb5\xc9\x05\xb2\x75\x89\x52\xc0\xb9\
\x0a\x02\xc3\xdc\xbb\x89\x4c\xb1\x02\x04\x80\x64\x82\xda\x37\x31\
\x76\x0c\xb4\x09\x68\x82\x7d\x59\xd3\xa6\x5c\x5a\xd6\x5a\xcc\x04\
\x28\xe1\xa4\x1b\xc6\xd9\xb7\x62\xd4\xdc\xad\x35\x2a\xb6\xe4\x9c\
\x8f\xe3\x38\xd2\x51\xf7\xcc\x4b\xc4\x65\xd2\xfa\x95\x57\xbd\xc5\
\xd8\xb5\x60\xd3\x1f\x4a\x8d\xb8\x73\xe7\xe5\x9f\xfd\xce\xb5\xdf\
\xef\xf7\x82\x30\x1c\x8d\x47\x5a\x87\x9e\xd7\x3d\x3f\xbf\x7e\xd6\
\x7e\x3f\xe9\xdd\x5e\x0c\x5c\x97\x6c\x8b\x08\xd3\x74\xc1\x51\x22\
\x5d\xe6\x1e\xbf\xb3\xf2\xff\xd6\xfe\xb8\xe0\x99\x33\xab\x60\x33\
\xec\xd3\xe0\xc1\xe3\x27\x0f\x1e\x3f\xb1\x4f\x83\xb2\x2f\x63\x2b\
\x81\x75\x28\x76\xd1\xaa\x56\x29\x76\xe8\xf8\x9d\x35\x4d\x79\xa7\
\x7d\x35\xb5\xec\xb4\xaf\x7a\xe0\x02\x80\x6e\xa9\xd2\x5e\xe5\x02\
\x29\x9a\xfa\xce\xde\x5e\x92\x94\xf7\x1a\x19\xdc\x3d\x3c\x48\xd9\
\x69\xd1\x78\xff\x87\x9f\x8b\x8f\x07\x27\x4f\xe1\x04\x00\xe0\xf7\
\x9f\xbe\x2b\xda\x61\xde\x45\xc4\x78\xec\x76\x83\x7f\xa4\x42\xc7\
\x71\x94\x52\x52\x48\x55\xa9\x08\x61\xa9\x7a\x12\xa6\xe7\x46\xbc\
\xbb\x18\xb8\x2e\x59\x05\x29\x0b\xc3\xf1\x27\xce\x91\x81\xfc\xd5\
\x9b\xbf\xb5\x8e\xd0\x48\x00\xa9\xbe\x53\x95\xbc\xd1\x09\x62\xad\
\x2f\x64\x21\xec\xf9\x8f\x8f\x00\x60\xa7\x7d\x75\x70\xf2\x14\x00\
\x5e\x3f\xfc\xa6\x77\xec\x16\xfc\x73\x16\x66\xd1\xe5\xc5\x75\xd3\
\x6d\xec\x36\x3f\xad\xd7\xeb\x52\x8a\x28\x1a\x79\x5e\xf7\xe2\xf2\
\xd2\xf3\x3c\xe7\x08\x88\x00\x11\x00\xc0\xda\x1f\x27\xfb\x26\x00\
\xf4\xc0\x9d\xee\x4c\xef\xd8\x4d\xbe\x36\x01\xc0\x82\x72\xb3\x2e\
\xef\xa2\x34\x63\xd1\xb8\xed\x2c\xfa\x68\x74\x4b\xe5\xa7\x7a\x33\
\xf7\x29\x99\x00\xa6\xc2\x66\x1f\x1e\x97\x68\x5a\x4b\x6a\xfd\xd0\
\xed\x2d\x92\x85\x21\x85\xe3\x8b\x56\x6b\xef\xa6\x84\xc1\x8c\xbb\
\x47\x9f\xc7\x71\x04\x50\xee\xe0\x75\x98\x09\x20\xf1\x9a\x38\xec\
\xf9\x57\x15\xc7\x72\x1c\x87\x19\x0c\x01\xb9\xc9\xeb\xf5\x9a\x54\
\x69\x18\xf9\x8e\x74\xb7\x7a\x1f\x10\xc1\x70\x38\x60\xe0\x8e\x46\
\xfa\xd9\x5f\xed\x5a\xad\x22\x6c\x3e\x08\xfa\x3a\x8a\x5a\xee\x97\
\x7e\xaf\x6f\xea\x41\x75\x31\x72\x4d\xe6\x02\x44\xe8\xfb\x03\x21\
\x9a\x5f\xdd\x3b\xe6\x26\x4f\x26\x13\x73\xdf\x0c\x43\xfd\xea\xf5\
\x9b\x61\x18\x34\x00\x00\x70\xf5\x38\x59\x4a\xf9\xe8\x88\x68\x18\
\x0c\x93\x24\x91\xb6\x8c\xe3\x49\x10\x84\x53\x3b\xb2\x8f\x5e\x7a\
\x4a\x26\x40\x40\xab\x8f\x10\xb7\x13\x40\x46\x42\xad\x3a\x43\x4b\
\xae\x68\xe2\x55\xcc\x04\x98\x19\xdb\x7b\xef\xab\x55\x67\xd1\x3b\
\x63\xb7\xe9\x9a\x8d\x33\xdc\xa8\x88\xac\x02\x23\xc6\xea\xdb\xc6\
\x41\x24\xc4\xfc\x2d\x38\xc5\x51\xaa\xf1\x45\x97\x57\x3b\x40\x5b\
\x08\x00\x02\x20\xa4\x9f\xfd\x62\xdc\x7a\x6b\x4b\xa9\x2a\x15\x61\
\x09\xa5\x2a\x42\x72\x74\x5f\xf0\xc3\xdf\x00\x80\x36\xda\x23\xcc\
\x3e\x1d\x29\xbf\x47\x83\x0e\x8b\x3a\xb7\x4c\xc3\x8e\x13\xdf\xb9\
\xed\xdb\xb5\x4d\x12\xcf\xc9\x87\xdd\xac\xc7\x89\x48\xd5\x40\xaa\
\x0e\x00\x22\x23\x83\xe7\xbd\xb5\x49\xfa\x70\xf3\xcb\x0e\x11\xd0\
\x24\x66\x96\xb2\xde\x70\x75\x58\x36\xae\x37\x5f\x6b\x29\xe5\x9b\
\xfc\x9f\xf3\x2f\xa1\x7a\x34\x74\x65\x86\xe5\x1a\x00\x00\x00\x00\
\x49\x45\x4e\x44\xae\x42\x60\x82\
\x00\x00\x00\xd5\
\x89\
\x50\x4e\x47\x0d\x0a\x1a\x0a\x00\x00\x00\x0d\x49\x48\x44\x52\x00\
\x00\x00\x17\x00\x00\x00\x18\x08\x02\x00\x00\x00\x9e\x1e\xf1\x22\
\x00\x00\x00\x06\x74\x52\x4e\x53\x00\x00\x00\x00\x00\x00\x6e\xa6\
\x07\x91\x00\x00\x00\x09\x70\x48\x59\x73\x00\x00\x0b\x13\x00\x00\
\x0b\x13\x01\x00\x9a\x9c\x18\x00\x00\x00\x75\x49\x44\x41\x54\x38\
\xcb\x63\x60\xa0\x22\xf8\xdf\xe0\x80\x87\x4b\x10\x30\x51\xc5\x11\
\x83\xc9\x14\x16\x38\xcb\x66\xdb\x7f\x84\xf0\x29\x47\xea\xb8\x85\
\xa4\x00\x66\xc1\x2a\x6a\x6b\xb6\x9f\x81\x81\xc1\x66\x1b\xc3\x11\
\x2f\x46\x62\x4c\x61\xc4\x63\x33\xc4\x2c\x22\x0d\xc2\x07\x6c\xb6\
\xfd\x47\x09\x2f\x4a\x0c\xa2\x28\xa6\x89\x4f\xd0\xc3\x39\xed\xe2\
\x09\x5a\x68\x00\xe3\x4e\xd0\xa4\xb9\x05\x57\x00\xb3\x10\x6f\x04\
\x9e\x04\xcd\x48\xaa\xcd\xd4\x4c\xd0\xc3\x3e\xbd\x50\x07\x00\x00\
\xe1\x2c\x28\xb8\x2c\xae\xeb\x1b\x00\x00\x00\x00\x49\x45\x4e\x44\
\xae\x42\x60\x82\
\x00\x00\x1e\xbb\
\x89\
\x50\x4e\x47\x0d\x0a\x1a\x0a\x00\x00\x00\x0d\x49\x48\x44\x52\x00\
\x00\x00\x17\x00\x00\x00\x18\x08\x02\x00\x00\x00\x9e\x1e\xf1\x22\
\x00\x00\x0d\xeb\x7a\x54\x58\x74\x52\x61\x77\x20\x70\x72\x6f\x66\
\x69\x6c\x65\x20\x74\x79\x70\x65\x20\x65\x78\x69\x66\x00\x00\x78\
\xda\xa5\x99\x69\x76\x23\xb9\x11\x84\xff\xe3\x14\x3e\x02\xb6\xc4\
\x72\x1c\xac\xef\xf9\x06\x3e\xbe\xbf\x44\x15\x29\x91\x62\xcf\x8c\
\x6c\xb1\xc5\x2a\xd5\x02\x24\x72\x89\x8c\x40\x9b\xf5\x9f\x7f\x6f\
\xf3\x2f\x7e\xa2\x4b\xd1\x44\xc9\x25\xd5\x94\x2c\x3f\xb1\xc6\xea\
\x1b\x27\xc5\x5e\x3f\xed\x7c\x3b\x1b\xcf\xf7\xf5\x47\xbe\xef\xb9\
\xd7\xeb\xc6\x3d\x5e\xf2\x5c\x0a\x1c\xc3\xf5\x67\x49\xf7\xf3\x8f\
\xeb\xee\x39\xc0\x75\x68\x9c\xc9\xb7\x81\xca\xb8\x6f\xf4\xd7\x1b\
\x35\xde\xe3\x97\xb7\x81\xee\x89\x82\x5a\xe4\x39\x99\xf7\x40\xf5\
\x1e\x28\xf8\xeb\x86\xbb\x07\x68\xd7\xb2\x6c\xaa\x25\x7f\x5f\x42\
\x5f\xd7\xf1\x7e\xff\x72\x03\xbf\x46\xbf\x42\x3e\x63\x3f\x07\x79\
\xff\x3b\x66\xbc\x37\x85\x8b\xc1\xfb\x15\x5c\xb0\x7c\x87\x70\x1b\
\x10\xf4\x37\x98\xd0\x38\x29\x7c\xbb\x50\x78\xd0\xf1\xd1\x2b\x99\
\xef\x18\xd2\x6d\x09\x0e\xf9\xe4\xa7\xe7\x4f\xc5\xa2\xad\xa6\xc6\
\x8f\x0f\xbd\x44\x65\xcb\xe7\x68\x3d\xce\xcc\x7b\xb4\xa2\xbf\x1f\
\x09\x6f\x4e\x4e\xcf\xe3\xc7\xeb\xc6\xc9\xe7\xa8\x1c\xd7\x7f\x9b\
\x39\x96\xfb\xcc\xbf\x5e\xc7\xd2\x75\x59\xf4\xe6\x7d\xfd\xdd\x7b\
\x96\x7d\xd6\xcc\x2a\x5a\x4c\xb8\x3a\xdd\x8b\x7a\x2c\xe5\x9c\xf1\
\x5c\x67\x0a\x9d\xba\x18\x4c\x4b\x36\xf3\x2b\x0c\x91\xcf\xa7\xf2\
\x29\x64\xf5\x20\x6a\xd3\x0e\xdb\xf9\x0c\x57\x9d\x27\x5c\xdb\x45\
\x37\x5d\x73\xdb\xad\x73\x1c\x6e\x60\x62\xf4\xcb\xf8\xcc\x89\xf7\
\xc3\x87\x73\xb1\x84\xec\xab\x1f\x41\xe3\x17\xf5\xe3\xb6\xcf\xa1\
\x86\x49\x64\x7d\x18\x27\xec\x31\xf8\xa7\x2d\xee\x4c\x5b\xed\x30\
\x67\xb6\xc2\xcc\xd3\xf1\xa8\x77\x0c\xe6\x78\xe5\xd7\x1f\xf3\xdb\
\x17\xf6\xd6\x52\x70\xce\xde\xce\xc7\xd9\xd8\xe5\xbd\x3a\x1b\x33\
\x34\x72\xfa\xcd\x63\x44\xc4\xed\xdb\xa9\x72\x1c\xfc\xf8\xbc\xff\
\x68\x5c\x03\x11\x14\xf5\xb2\x96\x48\xc5\xb1\xfd\x1a\xa2\x8b\xfb\
\x42\x82\x70\x02\x1d\x78\x50\x38\xc6\x1b\x45\xe6\x3d\x00\x2e\x62\
\x6a\xc1\x18\xaa\x21\x3a\xa2\xe6\x82\xb8\xe4\x6c\xf6\x3e\x3b\x87\
\x23\x0b\x01\x6a\x98\xee\x43\xf4\x9d\x08\x38\x11\x3f\x31\xd2\xc7\
\x10\x12\xb1\xa1\x92\x98\x9a\x57\xb2\x3b\x8f\x7a\xf1\x5c\x36\x5c\
\x07\xcc\x88\x84\x84\x44\x85\x15\x22\xd4\x08\x56\x8c\x42\xfe\xe4\
\x58\xc8\xa1\x26\x41\xa2\x88\x24\xc9\x52\xa4\x4a\x4b\x21\xc5\x24\
\x29\xa5\x9c\x14\x14\x5b\x0e\x39\x9a\x2c\x39\xe5\x9c\x4b\xae\xb9\
\x95\x50\x62\x91\x92\x4a\x2e\xa5\xd4\xd2\xaa\xaf\x01\xd0\x94\x9a\
\x6a\xae\xa5\xd6\xda\x1a\x73\x36\x46\x6e\xbc\xdd\x78\xa0\xb5\xee\
\x7b\xe8\xb1\x8b\xe9\xa9\xe7\x5e\x7a\xed\x6d\x90\x3e\x23\x0e\x19\
\x69\xe4\x51\x46\x1d\x6d\xfa\x19\x26\xf8\x31\xd3\xcc\xb3\xcc\x3a\
\xdb\x72\x8b\x54\x5a\x71\xc9\x4a\x2b\xaf\xb2\xea\x6a\x9b\x54\xdb\
\xc1\xec\xb8\x65\xa7\x9d\x77\xd9\x75\xb7\x67\xd4\xdc\x5d\xb6\xef\
\x9f\x5f\x44\xcd\xdd\x51\xf3\x27\x52\xfa\x60\x7e\x46\x8d\xab\x39\
\x3f\x86\x70\x0a\x27\xa2\x31\x23\x60\xde\x44\x47\xc4\xb3\x86\x80\
\x84\xf6\x1a\x33\x5b\x5c\x8c\x5e\x23\xa7\x31\xb3\x15\xf8\x0b\xe2\
\x31\x52\x34\x66\xd3\x69\xc4\x88\x60\x5c\xce\xcb\x76\x8f\xd8\x19\
\x7f\x45\x54\x23\xf7\x7f\xc5\xcd\xe4\xf8\x12\x37\xff\xbf\x46\xce\
\x68\xe8\x7e\x19\xb9\x9f\x71\xfb\x14\xb5\xa9\x6d\x68\x9c\x88\x5d\
\x55\xa8\x4e\xb5\x61\x6b\x79\xae\xe6\x4b\xf3\x34\xa4\xb1\x82\x3d\
\xe7\xa0\xa0\xba\x21\xa5\x6a\x12\x55\xcc\x25\x19\xe2\x0a\x63\x60\
\xb2\x8b\xc9\xeb\xe9\x79\xf0\x1f\x1f\xcd\x6f\x5f\xf8\x3a\x9e\x39\
\x09\xc4\x31\xcb\x9b\xdb\xbe\xcb\xce\x10\xb6\x94\x99\xfc\xdc\x31\
\x76\xfe\xd5\xae\x7e\x06\x52\x29\xf4\xc2\x3f\x1b\x57\x2c\x3e\xf7\
\xea\x56\x95\x52\xb7\xc2\x4d\xb7\x21\xe2\x12\x2c\xaa\x3b\xf7\xb9\
\x77\x5f\x2e\xef\x5d\x5a\x0b\xcb\xdb\xbc\x47\x21\x5f\x37\x5e\x6b\
\x82\xe3\xac\xb4\x3e\x16\xee\x19\xc1\xcb\xa8\xe0\x7a\xe9\xc3\x13\
\x2f\x91\xd0\xe7\xdc\x12\x0c\xd1\x9b\x52\x35\x29\x62\x6e\x41\xe7\
\x20\x72\x76\xfa\xbe\x57\x9e\x8b\x20\xac\x5d\x18\x6a\xf9\x46\x63\
\x21\x2f\x5c\x13\x66\xd9\x9d\x7b\x3c\x3b\xb7\xd6\x04\xef\x88\x91\
\x5c\xf1\xb3\xac\x9e\x77\xeb\xa1\xd8\x35\x78\x95\x25\x26\xbe\x40\
\x21\x1e\x5a\x8e\x46\x53\x19\x2c\x30\xee\x79\x2d\x0f\x10\x97\xa3\
\x93\xc8\xa0\xd7\xbc\xe6\x75\x62\x5e\xf3\x67\x11\x05\xeb\xb0\x74\
\x50\x3d\x79\x93\xac\x3d\xd7\xba\xea\x19\x18\x5f\xac\x7a\x9e\xbd\
\x47\x3e\xe3\xe2\xa3\xcd\xc0\xea\xb7\xfb\xfe\x87\x79\x65\xe5\x40\
\x7c\xbe\xdb\x6c\x9f\x26\xdf\x06\x9b\xf7\x91\xaf\x81\x9f\x16\xff\
\xf0\xd4\x9f\xcc\x35\x6b\x51\x8e\x0e\x26\xb9\xb2\x24\xb0\xee\xca\
\x92\x08\x37\xd2\xab\xf6\x1f\x1f\xcd\xe3\x04\xf3\x7c\x4d\x65\x48\
\x88\xd6\x6b\x04\x72\x39\x0b\x5b\x31\x4c\xb2\x61\xe6\x8e\xb9\xab\
\xc4\x79\xac\x65\x95\xed\x44\x8b\xf0\x55\xee\x6e\x6b\xc8\xa0\x01\
\x3e\xf8\xd5\x5d\xd3\x62\xed\x60\x41\xcd\xda\xb8\x9d\x0f\x6d\x24\
\x08\x99\x57\x74\x1b\x74\x91\x9d\x7d\x9e\xa9\xaf\xd9\x35\x99\xba\
\x93\x42\x7d\x7b\x4d\x26\xa2\x26\x95\x6c\x02\x51\xa6\x94\xd1\x14\
\x65\xf2\x54\x23\x29\x64\x9b\x69\x69\x24\xc6\x65\x19\x48\x9a\xee\
\x58\x6d\x77\x3c\x3a\xdb\xe5\xd1\x70\x6c\x34\xf6\xce\xb0\x21\x64\
\xd8\xdc\xe9\x60\xee\xcc\xe3\x3c\xd4\xc6\x24\x4a\x6b\xaf\x15\xd2\
\xa6\x01\x86\xe3\xe9\xcd\x9b\xdc\x2d\xbc\xf7\xf5\xae\xf9\x7a\x59\
\x93\x84\x49\xb4\x70\xea\x2e\x5a\x35\xca\x61\xe7\xf5\x52\xa5\x52\
\x56\x87\x54\x86\xde\x77\x2f\x61\xb2\xaa\x1d\x14\x54\xae\x14\x20\
\xfc\xeb\xaf\x0c\xfe\x6c\x2f\x95\x24\x15\x5e\x4e\x91\xcd\xe1\xd6\
\xf0\x29\x57\xa3\xf5\x31\xd3\x2e\x95\x22\xdc\x49\x9a\x5f\x78\x71\
\x8e\x09\x72\x66\x00\x6c\x06\x5b\x46\xa9\xae\xc6\x42\x23\x88\x78\
\x2e\x90\x5d\x90\x65\xb5\x25\x31\x44\x20\xd6\xbc\x93\x4d\x97\x26\
\xdd\x81\xa9\x1e\x08\x1d\x03\x40\x6d\x2d\x17\xe6\x5c\x51\x92\x86\
\xbc\xa8\xe9\x25\x4d\x59\x20\xff\xc4\xe3\x7d\xf9\x3d\x81\xc5\x3e\
\xc1\x09\x52\xdd\xbb\x9e\x52\x31\x0b\x07\xda\xde\xba\x0b\xa3\x82\
\x34\x90\x3b\x69\x3b\xec\x30\x49\xec\x34\x12\xad\x95\xc6\x53\xd6\
\x6a\x94\xd1\xb2\x27\x77\x46\xd7\xae\xe2\x00\x2a\xf0\x9a\x1c\x01\
\xd6\xb3\x37\xa2\x30\xe4\xc2\x5c\x0b\xdb\xea\xa8\x98\x14\x9c\xf4\
\xa6\x6c\x30\x45\x9b\x82\x90\x07\xde\x36\xc6\x8a\xbb\xcd\x2c\xf4\
\x11\x9c\x96\x5d\x85\xe5\xf7\x12\x1b\x18\xd5\xda\x5a\x26\xa7\xe8\
\x61\xae\x6d\x15\xb9\xa0\x5d\xfb\xee\x13\xd8\xff\xf9\xd1\x1c\x84\
\x1d\x21\x9d\x12\xdb\xb3\x12\x54\x3a\x34\x8c\x33\x4d\xf8\x11\xeb\
\xcc\x33\xf6\x44\xa1\xf7\xec\x80\x5f\x4d\xd5\x32\x41\x5a\x9a\x35\
\x39\xe5\x26\xed\xb1\x52\x9a\x34\x48\x6d\x1a\xfc\xe1\x8b\xe6\x9e\
\xe4\x91\xe7\x48\x45\x4e\x79\x8d\x93\x0a\xab\xf8\xa9\x40\xd2\xc9\
\xc0\xe6\x95\x22\xe8\x55\xe4\xc7\x20\x0c\xb2\x23\x29\x01\x77\xb8\
\x10\x92\x46\xd7\x47\x08\x6d\x41\xed\x14\x73\x5a\xdf\x23\x5d\xe5\
\x0c\xd5\xa3\xc1\x4e\xec\x20\xd5\xb4\x82\x0f\x1c\x53\xc3\x21\x6b\
\x0d\x77\x4a\x68\xb2\x14\x30\x7b\x97\x93\xbb\xdb\x63\x2f\x81\xee\
\x53\x0e\xac\x45\x2f\x5a\x0b\x38\x76\x65\x92\x8c\x6c\x9c\x9b\x10\
\x75\x7a\xf9\xb8\xb1\x83\x3a\x42\x2e\xca\xf9\x03\x09\x71\x9f\x3c\
\x8f\xa7\x53\x8d\x97\x4b\xdf\x8f\x9e\x9c\x21\xa9\xe1\xfd\x51\xbd\
\x54\x01\x30\x0f\xfe\x25\x93\xc2\x18\x0e\x27\x86\x82\x28\x6d\x09\
\x61\x48\xdb\x92\x0b\x00\x68\xfe\xab\x96\xb7\xe1\xdc\x68\xf9\x83\
\x9f\x8c\x3a\xea\xf2\x13\xf8\xf9\x07\x47\x3e\xfc\x38\xf1\x23\x48\
\x60\xbb\xe2\xac\x50\xc5\x37\x03\xe8\x38\xcb\x8c\x08\x9b\x58\xee\
\x60\xce\x28\xb9\x65\x6d\x8a\x92\xb4\x29\xd6\x44\x69\x2f\x40\x3a\
\x0c\x7b\xfa\xc7\xe5\x46\xe2\x08\x2c\x32\xc5\x37\x37\x86\x62\xfe\
\xe8\xc7\xda\x3f\xfa\xe8\xf5\x58\x1b\x1d\x02\xa0\xf6\xd3\xdc\xd7\
\x9c\x52\x27\xed\x39\x90\x43\xe2\x84\x8d\xc4\x18\x04\x81\x02\xf9\
\x03\x72\x6b\xf7\x74\xf5\xbd\x44\x63\x42\x91\x89\x0c\x00\x26\x0f\
\x20\x56\x01\xe6\x60\x36\x88\xd8\xfc\xd4\xcc\x6e\xc7\x47\x80\x8d\
\xdb\x73\x6a\x6a\x0a\x68\x63\x71\x51\xd5\x31\x5a\x8b\xcf\x77\xb5\
\x5d\xa7\x03\x7e\xbc\x4e\x33\x30\x83\xd8\x3d\xa7\xa6\x8d\x9d\x89\
\x99\x56\xdd\x53\x6e\x58\x0c\xbb\x37\x60\xf1\x0c\x7a\x2f\x1d\x04\
\x1f\x2f\x1d\xc9\x70\x42\xc7\xd8\xee\xe4\x2d\x44\x4d\x4b\x63\xfa\
\x6f\xa5\x71\xc1\xff\x5f\xdd\xdf\x2d\x64\x6b\x70\x40\x2f\x14\x67\
\xe2\x0a\xfc\x6f\xf8\xca\x4c\xd5\x01\x81\xd5\xe5\xb5\xce\x72\x13\
\x14\x6e\x35\x62\x87\xcc\x6c\x74\xec\xb3\xfc\x35\xce\xc2\x9a\x03\
\x8d\x60\xc4\x26\xd7\x49\x19\x75\x2d\xa3\x4e\x19\xbd\x14\x11\x68\
\x4e\xa3\x74\x67\x7e\x20\x1f\xf6\x95\xb3\x58\x1e\xbf\xda\xb1\xfa\
\x29\x3e\xf8\x9b\xf9\x49\xe8\x7c\x3d\x88\x70\x71\xcb\x97\x7b\x40\
\xc7\x04\xe3\xe4\x7a\x8c\x8b\xb5\xdc\xa9\x50\x7e\x0e\x74\x11\x53\
\x12\x61\xb8\x46\x47\x1c\x40\x4b\x1f\x77\x59\x5b\x64\x2f\xde\x07\
\x6c\x4e\x59\xbb\xd4\xb4\x23\xed\x88\x00\xd8\xc6\x8d\xf5\x09\x7d\
\xe4\x72\x21\x1d\x23\xbd\x40\x8b\x78\x90\x7f\x22\x3b\x94\x7d\xc3\
\x5b\x88\x32\xfa\x11\xce\x6f\x16\xe1\xd8\x15\xae\xf0\xc1\x85\x6e\
\x5e\x1e\x2c\x9a\x6b\x3b\x1d\x3b\xda\x4e\x27\x31\xef\x0a\x22\x79\
\x42\x5d\x88\x12\x03\xf7\xa1\x1c\xb5\x4d\xa8\x24\xbe\xcb\x3e\xac\
\xd4\xac\x92\x93\x8f\x08\x3d\x26\xa5\x11\x5f\x2f\x89\x81\xa6\xcb\
\xf7\x6b\xaa\x74\x41\x15\x8f\x87\xee\xe4\xf3\x3f\x86\x72\xa9\xd7\
\xc9\xca\x06\xad\x95\x56\x4c\x66\x50\x6b\xa0\xbd\x9d\xa3\x93\x3a\
\x0b\xe6\x0b\x59\x2b\x9a\x77\x73\x02\x04\x33\xa3\x88\x16\xff\xc2\
\xa9\x7d\xb4\x54\x53\xee\x76\x21\x01\x16\x4f\xa5\x6a\x90\xe8\x56\
\x69\x0e\x06\x95\xd6\x32\xb2\x06\xa5\x4d\xfe\x52\x12\x29\x09\xc2\
\x87\x97\xe9\x6d\x5b\x51\x96\x5a\xa2\x95\xd3\x2e\x68\xe5\x08\x20\
\xea\xc3\x36\x0a\x47\x77\x32\xaa\x02\x1d\x96\x96\x35\xcc\xe9\x7a\
\x20\xa6\xba\x46\x35\x38\x0f\xc4\xad\xbf\xb3\x92\x35\x65\xa9\xc6\
\x1a\x2c\xa4\x24\xdf\xf1\x3e\xcc\xc6\x93\xb1\x0d\xe8\xd4\x98\x45\
\xb4\x7e\xf7\x23\xfb\x64\x32\xa4\xa2\x16\xb7\xb0\x7c\xf2\x3a\xe4\
\x23\xa8\x0c\xaa\x57\x7b\xde\xd5\x49\xd3\x5a\xb6\x0a\x78\x4e\xb1\
\x92\x3e\xbd\xe8\xb1\x09\xed\x80\xb6\x00\x52\x72\xf6\x0a\xb5\x3c\
\x01\x5d\x98\x2a\x22\x63\x1b\xa3\x01\xeb\x40\xc6\xa0\x85\x97\xce\
\x63\xca\x02\x71\x65\xef\xba\x9d\x90\x94\x06\x22\x43\x57\xac\x20\
\x7b\x51\x41\x82\x90\xbb\x98\xac\xe9\x05\x0a\x02\x48\x71\x69\x2b\
\x81\xa4\x11\x26\x9a\x3f\x02\x36\xde\x88\xa1\x3d\xe5\x2b\xe2\x0e\
\xca\x2d\x9e\x55\x7f\x11\x5a\xaf\x07\xf3\x02\x9d\x57\x9d\xa4\xf9\
\x55\x42\xf1\x11\xf9\xab\x5f\xbf\x34\x93\xfd\xe0\xbd\xf4\xf8\x6c\
\xee\xda\x78\xf4\x65\x6a\xbe\xaf\xb0\x5f\x7a\x89\xff\xea\x25\x09\
\x30\x3d\xdd\x44\xe1\xb0\x7c\xaf\x1d\xf3\xd5\x97\x8b\x72\x37\x9b\
\x0b\x1c\x0a\xbe\x36\xa1\x40\x10\x04\xdb\x07\xdd\x1c\x31\x9b\xac\
\x87\x00\x29\xcc\xe1\x5c\xc2\x4d\xf7\xa8\x4d\x19\x26\xe8\x4e\xc7\
\xc9\x2a\x6a\x06\x16\x20\xee\x6f\xf9\x20\xe0\x2c\xd0\xc4\xac\xa4\
\x1a\xa2\x99\xc8\xb8\x1a\x32\x0e\xce\xbb\x82\x60\xcc\x77\xa9\xc1\
\x5e\x6f\xc9\x80\x68\x07\x21\x3f\xb6\xe5\xa9\x1e\xf4\xf3\x45\x23\
\xf8\xf7\x27\xfb\x8b\x88\x30\xe7\x95\xd2\x8e\x40\xfd\x7a\x28\xa5\
\xee\xc0\x06\xa5\x72\x94\x6e\x47\x0c\x5c\x4c\x6e\xc0\x8e\x75\xfb\
\xc8\x95\x29\x4a\x4f\x3d\x69\xe4\x95\x9e\xd2\xfb\xe9\xa4\x20\xd7\
\xbc\x3a\xe9\x3c\xc8\xa5\xf2\x82\x3e\x0a\x6e\x89\x8a\x05\x37\x3d\
\xf4\xd8\x57\x55\x0b\x1d\xea\x07\xc9\xa9\xa1\xc0\x2f\x11\x4c\x60\
\x51\xa9\x6b\x74\x31\x6d\x06\x6d\xb2\xb4\xd9\xb6\x1c\x04\x2c\xe9\
\x76\xa3\x47\x78\x52\x43\x0d\x03\x5c\x80\x5c\x0e\x06\xa1\x28\x70\
\x0d\x70\x87\xd4\xb5\x39\x76\xca\xa8\xdf\x65\x44\x2e\xc3\xb3\xb5\
\x8e\x3a\x51\x42\x23\xd4\xa9\x63\xe9\xe6\x56\xb7\x40\xa8\x27\x09\
\x59\x59\xa8\xe1\xc8\xbd\xc1\x00\x60\xc3\x40\x0d\x48\xc9\x94\x11\
\x45\x40\x7a\x50\x44\xda\x58\xf0\xd1\x57\x1d\x59\xdc\x4f\xdf\x41\
\x21\x8c\xd0\xa8\x0f\x7c\xb3\x40\xc8\x13\x4f\x0f\x2b\x27\xd7\x9b\
\x80\x0e\x56\x25\x71\x01\x29\xc1\x99\x49\xc1\xa8\xac\x37\x78\x71\
\xea\x16\x4f\x50\x61\xdf\x9d\xa7\x02\xa9\x58\x06\xa7\x7c\x45\xd3\
\x69\x75\xe5\x2b\x08\x33\xd7\xb5\xfa\xf8\xc5\xa4\x04\x21\x56\x3e\
\xec\x9b\x6f\xa3\x68\xf2\x1b\x5c\x13\x7c\xf9\xd1\x4b\xea\x51\xb1\
\x87\x67\xfc\x60\x74\xef\x12\x92\xb6\xe4\xab\x79\xaa\xc7\x78\xf8\
\xc9\x53\x50\x5e\x4c\x97\x31\x55\x08\x94\x5d\xca\x83\x21\x5d\x71\
\x95\x47\x5c\x95\x1f\xe9\x7d\xf3\xa7\x07\x9a\x55\x3c\x01\x5a\xa9\
\x3e\xf0\x81\x7a\xb2\x07\xff\x88\x27\xda\x26\x00\x7c\x4d\xf3\x67\
\x47\xf0\x7b\xd0\x82\x91\x10\xac\xf9\x09\x62\xe9\x15\xc4\x04\x42\
\xd8\xf6\x2d\x71\xe4\x45\xe2\x20\xd6\x87\x92\x98\x25\x5c\xa1\xab\
\x9b\xd1\x62\x52\x86\x5c\xa8\xe9\x8b\x10\xaa\xa4\xe9\xd6\x1f\xad\
\xdc\xa8\x22\x67\x5f\xab\xe5\xee\x2a\xf2\xda\x9e\xcd\xa3\xe1\xff\
\xbd\xe8\x78\xb8\xda\x2b\xc4\xe1\xbb\x01\xd6\x93\xf0\x85\x5c\x00\
\x4f\x4d\x07\x0e\x06\xb8\x98\x10\x4b\x97\x26\xf2\x24\x76\x4c\x47\
\x13\x75\xe4\xa1\xbd\x34\x11\x73\x11\x78\x50\x66\x68\x9e\x9d\x14\
\xa8\x49\x73\x5a\x74\x03\xae\xa2\x8e\x74\xab\x0b\xba\x18\x8f\xd3\
\x71\xbf\x92\x1b\x55\xe4\xf8\xa3\xb2\x32\xd5\xa3\x82\x16\x3c\x7a\
\xf4\x9d\xf2\xc1\x18\x55\x87\x03\x8c\xcd\x8c\x5e\xf0\x58\xa7\x33\
\x04\x74\xb4\x32\xd1\xa0\x5a\x77\x13\x83\x8d\xb7\x5c\x3a\x8a\x37\
\x23\x8e\xce\x3e\x49\x90\xd9\x12\x16\x65\x55\x7f\xa0\x29\x85\x45\
\x41\xd1\x19\x0c\x1d\x76\x0d\xc8\x2c\x55\x24\xe5\x4a\x69\x8c\x26\
\xa7\xe8\x55\xba\x2b\x39\x24\x05\x84\x14\x4d\xb4\xb6\xee\x33\x23\
\xee\xa6\xdb\x20\x2c\x0a\x2d\xbb\xee\x54\xde\x1e\x8b\xec\x2b\x67\
\xb2\x4f\xe0\xff\xc6\xab\xfe\x7e\xbf\xcd\x9c\x20\xff\x4d\xdc\x50\
\xc3\x03\x00\xd9\x89\x41\xf1\x08\xb9\xe0\x28\xef\x80\x5d\x47\xbb\
\xe0\x65\x69\x44\x2d\xf4\x5a\x48\x17\x1a\x80\x50\xed\x36\x5b\x60\
\x84\x74\xec\x20\x3e\x8b\x22\xa9\xf6\xaa\x20\x89\x16\x4c\xd7\xbd\
\x6b\xa7\xfc\x52\x62\xa0\x75\x28\xa9\x38\x74\x1e\x9e\x4d\xfb\x8e\
\x0f\x46\xaf\x2d\x21\xa8\xa8\xa3\x23\xec\xa3\xda\x58\xd9\xc3\xc9\
\x0a\x3a\x60\x4b\x19\xf0\x8c\xb2\x75\x8b\xed\x30\x94\xe0\x77\xa3\
\x44\xb6\x11\x55\xc6\xdb\x9f\x80\xc2\x65\xb7\x9c\x33\xa4\x39\x2c\
\x8d\x36\x7e\xe9\x82\xdc\x97\x1b\x1d\xd1\x75\x71\x47\x00\x15\x04\
\xaa\x08\xb4\x5a\x37\xab\x48\x48\x18\xf8\x51\x20\xe8\xc5\x8d\x1c\
\x15\xdb\x6b\x49\xb1\xaa\x74\xa3\x2d\x4b\x6a\x00\x52\xc8\xe4\x2a\
\x56\x60\x8e\x80\xa5\x45\x44\xb8\x14\x53\xbb\x76\x75\xa0\x2b\xcd\
\x1e\xe6\xff\xbd\x07\xfd\x76\x1b\xeb\xeb\x58\xcd\xcd\xfc\x7e\x70\
\x6a\x4f\x77\xc9\xca\x8b\x3f\x76\x97\x78\x98\xf1\x3e\xd5\xb0\x55\
\xe6\x59\x73\x33\x55\xb9\x99\x2a\x45\x54\x72\x49\xba\xdb\xa5\xca\
\x00\xc9\xc0\x0d\xfc\x83\x92\x1d\xd3\x1f\x36\x86\xc8\x50\x95\x40\
\x1e\x64\x6d\xd7\xc7\xe5\x84\x7f\xec\x0b\x80\x94\x12\x1f\x08\x7a\
\xee\xb2\x28\xcf\xb8\xf6\x59\x08\xc3\xb5\xb5\xf9\x04\x22\x4a\x08\
\x39\x73\xe2\x49\x8e\xd1\xe9\x9c\x79\x81\xa2\xa5\x32\xf3\x46\x9b\
\x5f\x6e\xfc\x99\xbf\x7c\x40\xf7\xf3\xbf\xe7\xbd\xfb\xb3\xe7\xcc\
\x0d\xe0\xf4\x6d\xc8\x49\x88\x63\x8a\xa7\x3e\x17\x99\x05\x9b\x61\
\xf1\x39\xd9\xb4\x83\xab\x00\x51\x0d\xb3\x94\x2d\xea\x1d\x00\x96\
\x06\x98\x8b\x1f\x51\x37\x8d\x5d\x48\xa6\x8d\x7d\x24\x41\xc9\x31\
\x65\x60\x94\x47\x40\x85\xa1\xa2\x95\xf5\x6d\x21\xed\x61\x4c\x5b\
\xe1\x0a\x6e\x79\x69\xf1\x4b\xb1\xe1\xa9\x6b\xef\xb6\xc0\xbd\xc2\
\xbd\xc5\xaa\x7a\xc4\x1d\xd8\xd2\x1d\xed\xb3\x5b\xc9\x28\xba\xad\
\x8d\xb3\x7b\x3d\xc1\x00\x36\xdd\x26\x1c\x6e\x49\x7d\x86\xec\xb0\
\x5e\xbd\x6b\x9e\x3d\xe3\x1e\xbd\xa4\x22\x9f\x06\x9f\x42\xc1\x06\
\x88\x17\x1c\x30\x1e\xd2\xc1\x24\x45\x42\x20\xd4\xf0\xdc\xa0\xff\
\x99\x99\xa9\x9a\xb3\x74\x5d\x9c\x12\x89\x8d\x1b\x33\x45\x58\x29\
\x64\xd0\x76\x6a\x57\xdf\x15\x14\x45\xa9\x37\x18\x8d\x92\xa4\x74\
\x49\x16\x01\x2a\x2b\x03\x7a\x33\xdf\x03\xe6\xff\xb7\x62\x31\x3f\
\xab\xe6\x51\x34\xe1\x9d\x11\x7f\xa3\xd1\xe9\xc6\xc3\xaf\xc2\x32\
\x37\x54\x8e\x77\xca\xf8\x7e\xd4\xdc\x99\xfa\xbf\xe8\xff\x05\x50\
\xd0\x75\x97\x16\xcf\xbc\xaf\x00\x00\x01\x85\x69\x43\x43\x50\x49\
\x43\x43\x20\x70\x72\x6f\x66\x69\x6c\x65\x00\x00\x78\x9c\x7d\x91\
\x3d\x48\xc3\x50\x14\x85\x4f\x53\xc5\x2a\x15\x41\x3b\x88\x88\x64\
\xa8\x4e\x16\x44\x45\x1c\xa5\x8a\x45\xb0\x50\xda\x0a\xad\x3a\x98\
\xbc\xf4\x0f\x9a\x34\x24\x29\x2e\x8e\x82\x6b\xc1\xc1\x9f\xc5\xaa\
\x83\x8b\xb3\xae\x0e\xae\x82\x20\xf8\x03\xe2\xea\xe2\xa4\xe8\x22\
\x25\xde\x97\x14\x5a\xc4\x78\xe1\xf1\x3e\xce\xbb\xe7\xf0\xde\x7d\
\x80\x50\x2f\x33\xd5\xec\x98\x00\x54\xcd\x32\x92\xb1\xa8\x98\xc9\
\xae\x8a\x5d\xaf\x08\xa0\x1f\xdd\xf0\x61\x44\x62\xa6\x1e\x4f\x2d\
\xa6\xe1\x59\x5f\xf7\xd4\x47\x75\x17\xe1\x59\xde\x7d\x7f\x56\xaf\
\x92\x33\x19\xe0\x13\x89\xe7\x98\x6e\x58\xc4\x1b\xc4\x33\x9b\x96\
\xce\x79\x9f\x38\xc4\x8a\x92\x42\x7c\x4e\x3c\x6e\xd0\x05\x89\x1f\
\xb9\x2e\xbb\xfc\xc6\xb9\xe0\xb0\xc0\x33\x43\x46\x3a\x39\x4f\x1c\
\x22\x16\x0b\x6d\x2c\xb7\x31\x2b\x1a\x2a\xf1\x34\x71\x58\x51\x35\
\xca\x17\x32\x2e\x2b\x9c\xb7\x38\xab\xe5\x2a\x6b\xde\x93\xbf\x30\
\x98\xd3\x56\x52\x5c\xa7\x35\x8c\x18\x96\x10\x47\x02\x22\x64\x54\
\x51\x42\x19\x16\x22\xb4\x6b\xa4\x98\x48\xd2\x79\xd4\xc3\x3f\xe4\
\xf8\x13\xe4\x92\xc9\x55\x02\x23\xc7\x02\x2a\x50\x21\x39\x7e\xf0\
\x3f\xf8\x3d\x5b\x33\x3f\x35\xe9\x26\x05\xa3\x40\xe7\x8b\x6d\x7f\
\x8c\x02\x5d\xbb\x40\xa3\x66\xdb\xdf\xc7\xb6\xdd\x38\x01\xfc\xcf\
\xc0\x95\xd6\xf2\x57\xea\xc0\xec\x27\xe9\xb5\x96\x16\x3e\x02\xfa\
\xb6\x81\x8b\xeb\x96\x26\xef\x01\x97\x3b\xc0\xe0\x93\x2e\x19\x92\
\x23\xf9\x69\x09\xf9\x3c\xf0\x7e\x46\xdf\x94\x05\x06\x6e\x81\x9e\
\x35\x77\x6e\xcd\x73\x9c\x3e\x00\x69\x9a\xd5\xf2\x0d\x70\x70\x08\
\x8c\x15\x28\x7b\xdd\xe3\xdd\x81\xf6\xb9\xfd\xdb\xd3\x9c\xdf\x0f\
\x36\xd1\x72\x8f\x81\xfd\x2c\xa0\x00\x00\x0d\x18\x69\x54\x58\x74\
\x58\x4d\x4c\x3a\x63\x6f\x6d\x2e\x61\x64\x6f\x62\x65\x2e\x78\x6d\
\x70\x00\x00\x00\x00\x00\x3c\x3f\x78\x70\x61\x63\x6b\x65\x74\x20\
\x62\x65\x67\x69\x6e\x3d\x22\xef\xbb\xbf\x22\x20\x69\x64\x3d\x22\
\x57\x35\x4d\x30\x4d\x70\x43\x65\x68\x69\x48\x7a\x72\x65\x53\x7a\
\x4e\x54\x63\x7a\x6b\x63\x39\x64\x22\x3f\x3e\x0a\x3c\x78\x3a\x78\
\x6d\x70\x6d\x65\x74\x61\x20\x78\x6d\x6c\x6e\x73\x3a\x78\x3d\x22\
\x61\x64\x6f\x62\x65\x3a\x6e\x73\x3a\x6d\x65\x74\x61\x2f\x22\x20\
\x78\x3a\x78\x6d\x70\x74\x6b\x3d\x22\x58\x4d\x50\x20\x43\x6f\x72\
\x65\x20\x34\x2e\x34\x2e\x30\x2d\x45\x78\x69\x76\x32\x22\x3e\x0a\
\x20\x3c\x72\x64\x66\x3a\x52\x44\x46\x20\x78\x6d\x6c\x6e\x73\x3a\
\x72\x64\x66\x3d\x22\x68\x74\x74\x70\x3a\x2f\x2f\x77\x77\x77\x2e\
\x77\x33\x2e\x6f\x72\x67\x2f\x31\x39\x39\x39\x2f\x30\x32\x2f\x32\
\x32\x2d\x72\x64\x66\x2d\x73\x79\x6e\x74\x61\x78\x2d\x6e\x73\x23\
\x22\x3e\x0a\x20\x20\x3c\x72\x64\x66\x3a\x44\x65\x73\x63\x72\x69\
\x70\x74\x69\x6f\x6e\x20\x72\x64\x66\x3a\x61\x62\x6f\x75\x74\x3d\
\x22\x22\x0a\x20\x20\x20\x20\x78\x6d\x6c\x6e\x73\x3a\x78\x6d\x70\
\x4d\x4d\x3d\x22\x68\x74\x74\x70\x3a\x2f\x2f\x6e\x73\x2e\x61\x64\
\x6f\x62\x65\x2e\x63\x6f\x6d\x2f\x78\x61\x70\x2f\x31\x2e\x30\x2f\
\x6d\x6d\x2f\x22\x0a\x20\x20\x20\x20\x78\x6d\x6c\x6e\x73\x3a\x73\
\x74\x45\x76\x74\x3d\x22\x68\x74\x74\x70\x3a\x2f\x2f\x6e\x73\x2e\
\x61\x64\x6f\x62\x65\x2e\x63\x6f\x6d\x2f\x78\x61\x70\x2f\x31\x2e\
\x30\x2f\x73\x54\x79\x70\x65\x2f\x52\x65\x73\x6f\x75\x72\x63\x65\
\x45\x76\x65\x6e\x74\x23\x22\x0a\x20\x20\x20\x20\x78\x6d\x6c\x6e\
\x73\x3a\x64\x63\x3d\x22\x68\x74\x74\x70\x3a\x2f\x2f\x70\x75\x72\
\x6c\x2e\x6f\x72\x67\x2f\x64\x63\x2f\x65\x6c\x65\x6d\x65\x6e\x74\
\x73\x2f\x31\x2e\x31\x2f\x22\x0a\x20\x20\x20\x20\x78\x6d\x6c\x6e\
\x73\x3a\x47\x49\x4d\x50\x3d\x22\x68\x74\x74\x70\x3a\x2f\x2f\x77\
\x77\x77\x2e\x67\x69\x6d\x70\x2e\x6f\x72\x67\x2f\x78\x6d\x70\x2f\
\x22\x0a\x20\x20\x20\x20\x78\x6d\x6c\x6e\x73\x3a\x74\x69\x66\x66\
\x3d\x22\x68\x74\x74\x70\x3a\x2f\x2f\x6e\x73\x2e\x61\x64\x6f\x62\
\x65\x2e\x63\x6f\x6d\x2f\x74\x69\x66\x66\x2f\x31\x2e\x30\x2f\x22\
\x0a\x20\x20\x20\x20\x78\x6d\x6c\x6e\x73\x3a\x78\x6d\x70\x3d\x22\
\x68\x74\x74\x70\x3a\x2f\x2f\x6e\x73\x2e\x61\x64\x6f\x62\x65\x2e\
\x63\x6f\x6d\x2f\x78\x61\x70\x2f\x31\x2e\x30\x2f\x22\x0a\x20\x20\
\x20\x78\x6d\x70\x4d\x4d\x3a\x44\x6f\x63\x75\x6d\x65\x6e\x74\x49\
\x44\x3d\x22\x67\x69\x6d\x70\x3a\x64\x6f\x63\x69\x64\x3a\x67\x69\
\x6d\x70\x3a\x65\x62\x62\x32\x31\x62\x65\x61\x2d\x34\x32\x61\x65\
\x2d\x34\x35\x33\x39\x2d\x38\x31\x66\x37\x2d\x61\x32\x38\x38\x35\
\x30\x35\x36\x35\x30\x61\x37\x22\x0a\x20\x20\x20\x78\x6d\x70\x4d\
\x4d\x3a\x49\x6e\x73\x74\x61\x6e\x63\x65\x49\x44\x3d\x22\x78\x6d\
\x70\x2e\x69\x69\x64\x3a\x35\x39\x36\x37\x31\x33\x64\x35\x2d\x35\
\x61\x30\x32\x2d\x34\x61\x31\x65\x2d\x39\x36\x62\x31\x2d\x32\x62\
\x61\x38\x63\x33\x33\x32\x38\x34\x36\x62\x22\x0a\x20\x20\x20\x78\
\x6d\x70\x4d\x4d\x3a\x4f\x72\x69\x67\x69\x6e\x61\x6c\x44\x6f\x63\
\x75\x6d\x65\x6e\x74\x49\x44\x3d\x22\x78\x6d\x70\x2e\x64\x69\x64\
\x3a\x33\x66\x33\x62\x32\x66\x33\x38\x2d\x64\x37\x34\x30\x2d\x34\
\x34\x32\x39\x2d\x38\x39\x33\x31\x2d\x35\x35\x36\x30\x33\x37\x66\
\x35\x61\x30\x37\x33\x22\x0a\x20\x20\x20\x64\x63\x3a\x46\x6f\x72\
\x6d\x61\x74\x3d\x22\x69\x6d\x61\x67\x65\x2f\x70\x6e\x67\x22\x0a\
\x20\x20\x20\x47\x49\x4d\x50\x3a\x41\x50\x49\x3d\x22\x32\x2e\x30\
\x22\x0a\x20\x20\x20\x47\x49\x4d\x50\x3a\x50\x6c\x61\x74\x66\x6f\
\x72\x6d\x3d\x22\x57\x69\x6e\x64\x6f\x77\x73\x22\x0a\x20\x20\x20\
\x47\x49\x4d\x50\x3a\x54\x69\x6d\x65\x53\x74\x61\x6d\x70\x3d\x22\
\x31\x36\x39\x32\x33\x34\x39\x36\x36\x38\x39\x32\x38\x30\x37\x30\
\x22\x0a\x20\x20\x20\x47\x49\x4d\x50\x3a\x56\x65\x72\x73\x69\x6f\
\x6e\x3d\x22\x32\x2e\x31\x30\x2e\x33\x30\x22\x0a\x20\x20\x20\x74\
\x69\x66\x66\x3a\x4f\x72\x69\x65\x6e\x74\x61\x74\x69\x6f\x6e\x3d\
\x22\x31\x22\x0a\x20\x20\x20\x78\x6d\x70\x3a\x43\x72\x65\x61\x74\
\x6f\x72\x54\x6f\x6f\x6c\x3d\x22\x47\x49\x4d\x50\x20\x32\x2e\x31\
\x30\x22\x3e\x0a\x20\x20\x20\x3c\x78\x6d\x70\x4d\x4d\x3a\x48\x69\
\x73\x74\x6f\x72\x79\x3e\x0a\x20\x20\x20\x20\x3c\x72\x64\x66\x3a\
\x53\x65\x71\x3e\x0a\x20\x20\x20\x20\x20\x3c\x72\x64\x66\x3a\x6c\
\x69\x0a\x20\x20\x20\x20\x20\x20\x73\x74\x45\x76\x74\x3a\x61\x63\
\x74\x69\x6f\x6e\x3d\x22\x73\x61\x76\x65\x64\x22\x0a\x20\x20\x20\
\x20\x20\x20\x73\x74\x45\x76\x74\x3a\x63\x68\x61\x6e\x67\x65\x64\
\x3d\x22\x2f\x22\x0a\x20\x20\x20\x20\x20\x20\x73\x74\x45\x76\x74\
\x3a\x69\x6e\x73\x74\x61\x6e\x63\x65\x49\x44\x3d\x22\x78\x6d\x70\
\x2e\x69\x69\x64\x3a\x66\x34\x38\x66\x63\x37\x66\x62\x2d\x32\x33\
\x66\x62\x2d\x34\x61\x34\x33\x2d\x39\x37\x63\x33\x2d\x61\x66\x65\
\x31\x30\x65\x34\x38\x34\x65\x32\x30\x22\x0a\x20\x20\x20\x20\x20\
\x20\x73\x74\x45\x76\x74\x3a\x73\x6f\x66\x74\x77\x61\x72\x65\x41\
\x67\x65\x6e\x74\x3d\x22\x47\x69\x6d\x70\x20\x32\x2e\x31\x30\x20\
\x28\x57\x69\x6e\x64\x6f\x77\x73\x29\x22\x0a\x20\x20\x20\x20\x20\
\x20\x73\x74\x45\x76\x74\x3a\x77\x68\x65\x6e\x3d\x22\x32\x30\x32\
\x33\x2d\x30\x38\x2d\x31\x38\x54\x31\x31\x3a\x30\x37\x3a\x34\x38\
\x22\x2f\x3e\x0a\x20\x20\x20\x20\x3c\x2f\x72\x64\x66\x3a\x53\x65\
\x71\x3e\x0a\x20\x20\x20\x3c\x2f\x78\x6d\x70\x4d\x4d\x3a\x48\x69\
\x73\x74\x6f\x72\x79\x3e\x0a\x20\x20\x3c\x2f\x72\x64\x66\x3a\x44\
\x65\x73\x63\x72\x69\x70\x74\x69\x6f\x6e\x3e\x0a\x20\x3c\x2f\x72\
\x64\x66\x3a\x52\x44\x46\x3e\x0a\x3c\x2f\x78\x3a\x78\x6d\x70\x6d\
\x65\x74\x61\x3e\x0a\x20\x20\x20\x20\x20\x20\x20\x20\x20\x20\x20\
\x20\x20\x20\x20\x20\x20\x20\x20\x20\x20\x20\x20\x20\x20\x20\x20\
\x20\x20\x20\x20\x20\x20\x20\x20\x20\x20\x20\x20\x20\x20\x20\x20\
\x20\x20\x20\x20\x20\x20\x20\x20\x20\x20\x20\x20\x20\x20\x20\x20\
\x20\x20\x20\x20\x20\x20\x20\x20\x20\x20\x20\x20\x20\x20\x20\x20\
\x20\x20\x20\x20\x20\x20\x20\x20\x20\x20\x20\x20\x20\x20\x20\x20\
\x20\x20\x20\x20\x20\x20\x20\x20\x20\x0a\x20\x20\x20\x20\x20\x20\
\x20\x20\x20\x20\x20\x20\x20\x20\x20\x20\x20\x20\x20\x20\x20\x20\
\x20\x20\x20\x20\x20\x20\x20\x20\x20\x20\x20\x20\x20\x20\x20\x20\
\x20\x20\x20\x20\x20\x20\x20\x20\x20\x20\x20\x20\x20\x20\x20\x20\
\x20\x20\x20\x20\x20\x20\x20\x20\x20\x20\x20\x20\x20\x20\x20\x20\
\x20\x20\x20\x20\x20\x20\x20\x20\x20\x20\x20\x20\x20\x20\x20\x20\
\x20\x20\x20\x20\x20\x20\x20\x20\x20\x20\x20\x20\x20\x20\x0a\x20\
\x20\x20\x20\x20\x20\x20\x20\x20\x20\x20\x20\x20\x20\x20\x20\x20\
\x20\x20\x20\x20\x20\x20\x20\x20\x20\x20\x20\x20\x20\x20\x20\x20\
\x20\x20\x20\x20\x20\x20\x20\x20\x20\x20\x20\x20\x20\x20\x20\x20\
\x20\x20\x20\x20\x20\x20\x20\x20\x20\x20\x20\x20\x20\x20\x20\x20\
\x20\x20\x20\x20\x20\x20\x20\x20\x20\x20\x20\x20\x20\x20\x20\x20\
\x20\x20\x20\x20\x20\x20\x20\x20\x20\x20\x20\x20\x20\x20\x20\x20\
\x20\x20\x20\x0a\x20\x20\x20\x20\x20\x20\x20\x20\x20\x20\x20\x20\
\x20\x20\x20\x20\x20\x20\x20\x20\x20\x20\x20\x20\x20\x20\x20\x20\
\x20\x20\x20\x20\x20\x20\x20\x20\x20\x20\x20\x20\x20\x20\x20\x20\
\x20\x20\x20\x20\x20\x20\x20\x20\x20\x20\x20\x20\x20\x20\x20\x20\
\x20\x20\x20\x20\x20\x20\x20\x20\x20\x20\x20\x20\x20\x20\x20\x20\
\x20\x20\x20\x20\x20\x20\x20\x20\x20\x20\x20\x20\x20\x20\x20\x20\
\x20\x20\x20\x20\x20\x20\x20\x20\x0a\x20\x20\x20\x20\x20\x20\x20\
\x20\x20\x20\x20\x20\x20\x20\x20\x20\x20\x20\x20\x20\x20\x20\x20\
\x20\x20\x20\x20\x20\x20\x20\x20\x20\x20\x20\x20\x20\x20\x20\x20\
\x20\x20\x20\x20\x20\x20\x20\x20\x20\x20\x20\x20\x20\x20\x20\x20\
\x20\x20\x20\x20\x20\x20\x20\x20\x20\x20\x20\x20\x20\x20\x20\x20\
\x20\x20\x20\x20\x20\x20\x20\x20\x20\x20\x20\x20\x20\x20\x20\x20\
\x20\x20\x20\x20\x20\x20\x20\x20\x20\x20\x20\x20\x20\x0a\x20\x20\
\x20\x20\x20\x20\x20\x20\x20\x20\x20\x20\x20\x20\x20\x20\x20\x20\
\x20\x20\x20\x20\x20\x20\x20\x20\x20\x20\x20\x20\x20\x20\x20\x20\
\x20\x20\x20\x20\x20\x20\x20\x20\x20\x20\x20\x20\x20\x20\x20\x20\
\x20\x20\x20\x20\x20\x20\x20\x20\x20\x20\x20\x20\x20\x20\x20\x20\
\x20\x20\x20\x20\x20\x20\x20\x20\x20\x20\x20\x20\x20\x20\x20\x20\
\x20\x20\x20\x20\x20\x20\x20\x20\x20\x20\x20\x20\x20\x20\x20\x20\
\x20\x20\x0a\x20\x20\x20\x20\x20\x20\x20\x20\x20\x20\x20\x20\x20\
\x20\x20\x20\x20\x20\x20\x20\x20\x20\x20\x20\x20\x20\x20\x20\x20\
\x20\x20\x20\x20\x20\x20\x20\x20\x20\x20\x20\x20\x20\x20\x20\x20\
\x20\x20\x20\x20\x20\x20\x20\x20\x20\x20\x20\x20\x20\x20\x20\x20\
\x20\x20\x20\x20\x20\x20\x20\x20\x20\x20\x20\x20\x20\x20\x20\x20\
\x20\x20\x20\x20\x20\x20\x20\x20\x20\x20\x20\x20\x20\x20\x20\x20\
\x20\x20\x20\x20\x20\x20\x20\x0a\x20\x20\x20\x20\x20\x20\x20\x20\
\x20\x20\x20\x20\x20\x20\x20\x20\x20\x20\x20\x20\x20\x20\x20\x20\
\x20\x20\x20\x20\x20\x20\x20\x20\x20\x20\x20\x20\x20\x20\x20\x20\
\x20\x20\x20\x20\x20\x20\x20\x20\x20\x20\x20\x20\x20\x20\x20\x20\
\x20\x20\x20\x20\x20\x20\x20\x20\x20\x20\x20\x20\x20\x20\x20\x20\
\x20\x20\x20\x20\x20\x20\x20\x20\x20\x20\x20\x20\x20\x20\x20\x20\
\x20\x20\x20\x20\x20\x20\x20\x20\x20\x20\x20\x20\x0a\x20\x20\x20\
\x20\x20\x20\x20\x20\x20\x20\x20\x20\x20\x20\x20\x20\x20\x20\x20\
\x20\x20\x20\x20\x20\x20\x20\x20\x20\x20\x20\x20\x20\x20\x20\x20\
\x20\x20\x20\x20\x20\x20\x20\x20\x20\x20\x20\x20\x20\x20\x20\x20\
\x20\x20\x20\x20\x20\x20\x20\x20\x20\x20\x20\x20\x20\x20\x20\x20\
\x20\x20\x20\x20\x20\x20\x20\x20\x20\x20\x20\x20\x20\x20\x20\x20\
\x20\x20\x20\x20\x20\x20\x20\x20\x20\x20\x20\x20\x20\x20\x20\x20\
\x20\x0a\x20\x20\x20\x20\x20\x20\x20\x20\x20\x20\x20\x20\x20\x20\
\x20\x20\x20\x20\x20\x20\x20\x20\x20\x20\x20\x20\x20\x20\x20\x20\
\x20\x20\x20\x20\x20\x20\x20\x20\x20\x20\x20\x20\x20\x20\x20\x20\
\x20\x20\x20\x20\x20\x20\x20\x20\x20\x20\x20\x20\x20\x20\x20\x20\
\x20\x20\x20\x20\x20\x20\x20\x20\x20\x20\x20\x20\x20\x20\x20\x20\
\x20\x20\x20\x20\x20\x20\x20\x20\x20\x20\x20\x20\x20\x20\x20\x20\
\x20\x20\x20\x20\x20\x20\x0a\x20\x20\x20\x20\x20\x20\x20\x20\x20\
\x20\x20\x20\x20\x20\x20\x20\x20\x20\x20\x20\x20\x20\x20\x20\x20\
\x20\x20\x20\x20\x20\x20\x20\x20\x20\x20\x20\x20\x20\x20\x20\x20\
\x20\x20\x20\x20\x20\x20\x20\x20\x20\x20\x20\x20\x20\x20\x20\x20\
\x20\x20\x20\x20\x20\x20\x20\x20\x20\x20\x20\x20\x20\x20\x20\x20\
\x20\x20\x20\x20\x20\x20\x20\x20\x20\x20\x20\x20\x20\x20\x20\x20\
\x20\x20\x20\x20\x20\x20\x20\x20\x20\x20\x20\x0a\x20\x20\x20\x20\
\x20\x20\x20\x20\x20\x20\x20\x20\x20\x20\x20\x20\x20\x20\x20\x20\
\x20\x20\x20\x20\x20\x20\x20\x20\x20\x20\x20\x20\x20\x20\x20\x20\
\x20\x20\x20\x20\x20\x20\x20\x20\x20\x20\x20\x20\x20\x20\x20\x20\
\x20\x20\x20\x20\x20\x20\x20\x20\x20\x20\x20\x20\x20\x20\x20\x20\
\x20\x20\x20\x20\x20\x20\x20\x20\x20\x20\x20\x20\x20\x20\x20\x20\
\x20\x20\x20\x20\x20\x20\x20\x20\x20\x20\x20\x20\x20\x20\x20\x20\
\x0a\x20\x20\x20\x20\x20\x20\x20\x20\x20\x20\x20\x20\x20\x20\x20\
\x20\x20\x20\x20\x20\x20\x20\x20\x20\x20\x20\x20\x20\x20\x20\x20\
\x20\x20\x20\x20\x20\x20\x20\x20\x20\x20\x20\x20\x20\x20\x20\x20\
\x20\x20\x20\x20\x20\x20\x20\x20\x20\x20\x20\x20\x20\x20\x20\x20\
\x20\x20\x20\x20\x20\x20\x20\x20\x20\x20\x20\x20\x20\x20\x20\x20\
\x20\x20\x20\x20\x20\x20\x20\x20\x20\x20\x20\x20\x20\x20\x20\x20\
\x20\x20\x20\x20\x20\x0a\x20\x20\x20\x20\x20\x20\x20\x20\x20\x20\
\x20\x20\x20\x20\x20\x20\x20\x20\x20\x20\x20\x20\x20\x20\x20\x20\
\x20\x20\x20\x20\x20\x20\x20\x20\x20\x20\x20\x20\x20\x20\x20\x20\
\x20\x20\x20\x20\x20\x20\x20\x20\x20\x20\x20\x20\x20\x20\x20\x20\
\x20\x20\x20\x20\x20\x20\x20\x20\x20\x20\x20\x20\x20\x20\x20\x20\
\x20\x20\x20\x20\x20\x20\x20\x20\x20\x20\x20\x20\x20\x20\x20\x20\
\x20\x20\x20\x20\x20\x20\x20\x20\x20\x20\x0a\x20\x20\x20\x20\x20\
\x20\x20\x20\x20\x20\x20\x20\x20\x20\x20\x20\x20\x20\x20\x20\x20\
\x20\x20\x20\x20\x20\x20\x20\x20\x20\x20\x20\x20\x20\x20\x20\x20\
\x20\x20\x20\x20\x20\x20\x20\x20\x20\x20\x20\x20\x20\x20\x20\x20\
\x20\x20\x20\x20\x20\x20\x20\x20\x20\x20\x20\x20\x20\x20\x20\x20\
\x20\x20\x20\x20\x20\x20\x20\x20\x20\x20\x20\x20\x20\x20\x20\x20\
\x20\x20\x20\x20\x20\x20\x20\x20\x20\x20\x20\x20\x20\x20\x20\x0a\
\x20\x20\x20\x20\x20\x20\x20\x20\x20\x20\x20\x20\x20\x20\x20\x20\
\x20\x20\x20\x20\x20\x20\x20\x20\x20\x20\x20\x20\x20\x20\x20\x20\
\x20\x20\x20\x20\x20\x20\x20\x20\x20\x20\x20\x20\x20\x20\x20\x20\
\x20\x20\x20\x20\x20\x20\x20\x20\x20\x20\x20\x20\x20\x20\x20\x20\
\x20\x20\x20\x20\x20\x20\x20\x20\x20\x20\x20\x20\x20\x20\x20\x20\
\x20\x20\x20\x20\x20\x20\x20\x20\x20\x20\x20\x20\x20\x20\x20\x20\
\x20\x20\x20\x20\x0a\x20\x20\x20\x20\x20\x20\x20\x20\x20\x20\x20\
\x20\x20\x20\x20\x20\x20\x20\x20\x20\x20\x20\x20\x20\x20\x20\x20\
\x20\x20\x20\x20\x20\x20\x20\x20\x20\x20\x20\x20\x20\x20\x20\x20\
\x20\x20\x20\x20\x20\x20\x20\x20\x20\x20\x20\x20\x20\x20\x20\x20\
\x20\x20\x20\x20\x20\x20\x20\x20\x20\x20\x20\x20\x20\x20\x20\x20\
\x20\x20\x20\x20\x20\x20\x20\x20\x20\x20\x20\x20\x20\x20\x20\x20\
\x20\x20\x20\x20\x20\x20\x20\x20\x20\x0a\x20\x20\x20\x20\x20\x20\
\x20\x20\x20\x20\x20\x20\x20\x20\x20\x20\x20\x20\x20\x20\x20\x20\
\x20\x20\x20\x20\x20\x20\x20\x20\x20\x20\x20\x20\x20\x20\x20\x20\
\x20\x20\x20\x20\x20\x20\x20\x20\x20\x20\x20\x20\x20\x20\x20\x20\
\x20\x20\x20\x20\x20\x20\x20\x20\x20\x20\x20\x20\x20\x20\x20\x20\
\x20\x20\x20\x20\x20\x20\x20\x20\x20\x20\x20\x20\x20\x20\x20\x20\
\x20\x20\x20\x20\x20\x20\x20\x20\x20\x20\x20\x20\x20\x20\x0a\x20\
\x20\x20\x20\x20\x20\x20\x20\x20\x20\x20\x20\x20\x20\x20\x20\x20\
\x20\x20\x20\x20\x20\x20\x20\x20\x20\x20\x20\x20\x20\x20\x20\x20\
\x20\x20\x20\x20\x20\x20\x20\x20\x20\x20\x20\x20\x20\x20\x20\x20\
\x20\x20\x20\x20\x20\x20\x20\x20\x20\x20\x20\x20\x20\x20\x20\x20\
\x20\x20\x20\x20\x20\x20\x20\x20\x20\x20\x20\x20\x20\x20\x20\x20\
\x20\x20\x20\x20\x20\x20\x20\x20\x20\x20\x20\x20\x20\x20\x20\x20\
\x20\x20\x20\x0a\x20\x20\x20\x20\x20\x20\x20\x20\x20\x20\x20\x20\
\x20\x20\x20\x20\x20\x20\x20\x20\x20\x20\x20\x20\x20\x20\x20\x20\
\x20\x20\x20\x20\x20\x20\x20\x20\x20\x20\x20\x20\x20\x20\x20\x20\
\x20\x20\x20\x20\x20\x20\x20\x20\x20\x20\x20\x20\x20\x20\x20\x20\
\x20\x20\x20\x20\x20\x20\x20\x20\x20\x20\x20\x20\x20\x20\x20\x20\
\x20\x20\x20\x20\x20\x20\x20\x20\x20\x20\x20\x20\x20\x20\x20\x20\
\x20\x20\x20\x20\x20\x20\x20\x20\x0a\x20\x20\x20\x20\x20\x20\x20\
\x20\x20\x20\x20\x20\x20\x20\x20\x20\x20\x20\x20\x20\x20\x20\x20\
\x20\x20\x20\x20\x0a\x3c\x3f\x78\x70\x61\x63\x6b\x65\x74\x20\x65\
\x6e\x64\x3d\x22\x77\x22\x3f\x3e\x57\xf9\xc4\xf8\x00\x00\x00\x09\
\x70\x48\x59\x73\x00\x00\x0b\x13\x00\x00\x0b\x13\x01\x00\x9a\x9c\
\x18\x00\x00\x00\x07\x74\x49\x4d\x45\x07\xe7\x08\x12\x09\x07\x30\
\x6b\xbc\xc8\xab\x00\x00\x01\xae\x49\x44\x41\x54\x38\xcb\x9d\x55\
\xcb\x4e\xc3\x30\x10\x9c\x71\xdc\xc2\xff\x21\x0e\x85\x7b\xcf\x15\
\x8f\x82\xe0\x8a\x84\x0a\x08\xf8\x89\x02\x37\x3e\x04\xbe\x07\x21\
\x48\x76\x38\xd8\x49\x1d\x3b\x29\x82\x9c\x2c\xd9\x3b\x3b\x3b\x3b\
\xbb\xe1\xbb\xe6\x68\x3f\x29\x1e\x48\xfc\xe9\x73\x29\x04\xf9\x0f\
\x04\x00\xf0\x2d\x46\x8f\x85\xc4\xc5\xf2\x60\x93\x8a\x30\x01\xc0\
\xe3\xcd\x33\x21\x30\x09\xc8\xb8\xc4\x78\x73\x66\x55\x0a\x01\x44\
\x08\x00\x8b\xe5\xac\x31\x5f\x72\xe1\xbb\xe6\x10\xc0\xae\x2e\xb7\
\x58\xce\xc2\xf9\xf1\x66\xdd\x95\x67\x36\x39\xbd\xd8\xaf\x1b\x02\
\x78\x58\xbd\x38\xd7\xf4\x2b\x4a\x20\x00\x90\x16\x0e\x53\xaf\x00\
\x41\xec\x42\x8d\x73\xdf\x01\x02\x80\x73\x96\xeb\xd2\x07\x69\xb1\
\x80\xaf\x9a\xad\x62\x9f\xc5\x0b\xe5\x3d\xca\x5a\x62\xe6\x49\x4c\
\xbc\xc6\xda\xc1\x4d\xed\x55\xde\x23\x29\xe6\x23\xeb\x87\xd5\x7a\
\x4b\xb3\xa7\x21\x81\x40\x36\x49\x45\xea\xb1\x24\x21\xb5\x8c\x47\
\x08\xc5\x10\x6d\x78\x39\x32\xf7\x99\xc4\x4c\x2b\x02\xf5\xf7\x6e\
\x38\x37\x36\xe0\x6f\x5f\xba\x9e\x85\xa9\x40\x9c\x5c\xee\x05\xfb\
\xdd\x5d\x3f\x95\xe3\xe2\x13\x5d\x2b\xd2\x48\x05\x08\x32\x42\x1d\
\x9d\x1f\x34\x16\x33\xdc\xaf\xd6\x5b\x27\x20\xba\x20\x4a\x12\x79\
\x31\x94\xc0\xce\x84\xa5\x21\xc2\x1b\xb7\xc5\x05\x12\x8e\xce\x0e\
\x01\xf8\x0a\xb7\x57\xaf\x03\x32\x0f\xce\x74\x77\xa1\x96\x51\xd0\
\xb2\x6e\x30\x99\x7e\x04\xe1\xcd\xaa\xa2\x15\x3d\x2e\x43\xed\x04\
\x76\xa6\x96\x58\x4e\xe9\x04\x91\x20\x05\x80\x6f\x36\x1f\xb4\xe8\
\x46\xe3\x3e\xa8\xc4\x10\x99\xde\xfa\xf2\x5d\x5a\xb2\x94\xbb\x29\
\x26\xe7\x48\x8f\xda\xfd\x94\x16\xe5\x8e\xcf\x67\x20\x1c\xd5\xd9\
\x64\x70\x1b\xba\xb1\x61\x0b\x5b\xc2\x04\x33\x98\x51\x72\x5b\x56\
\xb2\x1f\x9c\xda\xc0\x28\xb4\xc3\x3b\x75\xfb\x78\x6c\xd2\x99\xfe\
\x03\xca\x1e\xb5\xa1\x04\x95\x6a\x94\xe9\xe5\x7f\xdd\x23\xdd\xae\
\xee\x17\xdb\x7b\xfc\x03\xb3\x2a\xbe\x16\x6e\x94\x28\x08\x00\x00\
\x00\x00\x49\x45\x4e\x44\xae\x42\x60\x82\
\x00\x00\x06\xfb\
\x89\
\x50\x4e\x47\x0d\x0a\x1a\x0a\x00\x00\x00\x0d\x49\x48\x44\x52\x00\
\x00\x00\x20\x00\x00\x00\x20\x08\x02\x00\x00\x00\xfc\x18\xed\xa3\
\x00\x00\x00\x09\x70\x48\x59\x73\x00\x00\x0b\x13\x00\x00\x0b\x13\
\x01\x00\x9a\x9c\x18\x00\x00\x06\xad\x49\x44\x41\x54\x48\x89\x95\
\x56\x6b\x4c\x94\x57\x1a\x7e\x66\x18\x2e\x52\x46\x2c\xb2\x15\x45\
\xc1\x20\xc6\x18\x1a\x0c\x8d\xd1\x36\x36\x25\xdd\x35\xb5\xad\x9a\
\x26\xa6\x6d\x4c\x7a\xb1\x68\xa5\x31\xc2\x4a\x43\x5a\xc5\xc6\xe0\
\xaa\xcb\x6e\xc1\x22\x8c\x3a\x48\xc7\x32\xc2\x88\x82\x82\x15\x14\
\x29\xa8\xdc\x0a\x8b\x32\xb8\x5c\x1c\xac\x5c\x04\xb1\xa5\x14\x18\
\xae\xe3\xc0\x70\xfb\x9e\xfd\xf1\x7d\xfd\x80\x81\xdd\xba\xef\x8f\
\xc9\x79\x9f\xf3\xbc\xe7\x39\xe7\x9d\xf3\xbe\xdf\x51\x90\xc4\xff\
\x63\x02\x84\x1e\xf6\x2c\x52\x2c\x7a\x46\xbe\xf2\x0f\x19\xcd\x68\
\x8e\x15\x62\xdf\xaa\x7c\x2b\xff\x97\x7c\x00\x4a\x28\xbd\xae\x78\
\x7d\xd9\xf6\xe5\x39\x9c\xb3\xc0\x32\x5b\xde\x3e\x9e\xff\xc5\xba\
\xd8\x15\xd6\x19\x86\x33\x80\x16\x38\x0b\x9c\xc4\xfe\x3b\xfb\xc5\
\x29\x84\x03\xdf\x00\x06\xe0\x34\x70\x1d\xba\x5e\x9d\x1c\x25\x50\
\xb0\x5b\x67\x6e\x81\x0f\x5b\x3e\x84\x06\xc8\xc5\xa9\xb6\x53\x5d\
\xec\x22\xf9\x9b\xed\xb7\xf0\x1f\xc3\xa5\x98\xbf\x61\x5d\xfe\x3a\
\x71\x9c\xd2\x93\x02\x3d\x5c\xb2\x5d\xae\x8e\x5f\x9d\x73\x29\x7b\
\x81\x36\xb6\x79\x5e\xf7\x44\x1a\x0c\x16\xc3\x74\xbc\xce\x5c\xf7\
\x49\xd1\x27\x52\x4c\x2e\xdc\xaf\xb8\x1f\xb0\x1d\x70\xff\xc1\x1d\
\x7a\xe0\x34\x70\x04\x88\xc2\xae\xee\x5d\x7f\x20\x30\xc6\x31\x68\
\xb1\xba\x7c\xf5\x6c\xde\xdd\xa7\x77\x23\xca\x23\xa4\x98\x43\xc0\
\x11\xbc\x90\xf3\x82\xa6\x49\x53\xd4\x5f\xd4\xc0\x86\x52\x4b\xe9\
\xde\xb6\xbd\x48\x03\x0c\x38\x5e\x73\x7c\x6e\x81\x41\x0e\xba\x65\
\xbb\x41\x83\x4a\x56\xda\xad\x9e\x6c\x49\xc6\x09\x1c\xac\x3c\x28\
\xba\xce\x59\xce\xdb\xdb\xb7\x6f\xae\xde\x6c\x47\x8b\x6c\x8a\x44\
\x34\x82\x0a\x82\xe6\x16\xf0\xbb\xe1\xb7\x30\x67\xe1\xce\x7b\x3b\
\x71\x1e\x62\xde\x45\x5b\x73\x7b\x0d\x52\xb1\xd5\xb8\x35\xaa\x32\
\x4a\x44\x5e\xce\x78\x99\x24\x62\x67\x9c\x3e\xa5\x3b\x05\xc9\xd0\
\xf4\x6a\x70\x14\x89\x63\x89\xf6\x02\xa9\x23\xa9\x48\x43\x1f\xfb\
\x48\x6e\xaa\xd8\x84\x1c\x8c\x70\x84\x24\xf2\x01\x03\x86\x38\xd4\
\x33\xdc\xb3\xa7\x74\x8f\xb4\x15\x83\x1f\xc9\xa5\x05\x4b\x37\xd6\
\x6c\x14\x91\x8b\xdd\x17\xa1\x81\x6e\x4c\x47\xd2\xa7\xc6\x07\xf1\
\xb0\xd2\x2a\x09\x88\x17\x0b\x7a\xec\x7b\xb4\x4f\x96\xdd\x50\xb6\
\x41\xf5\xbd\x0a\x29\x08\x6e\x08\x16\x11\x93\xd9\xf4\x71\xd1\xc7\
\xe2\x78\x59\xda\x32\x92\x4d\x6c\xc2\xdf\x51\x68\x2b\xac\x1e\xae\
\xc6\x09\xec\x1f\x94\x2e\x71\x54\x63\x14\x22\x11\xf2\x20\x44\x74\
\x55\x02\x84\x6d\x8f\xb7\x2d\xfd\xd3\xd2\x04\xbf\x04\xb9\x38\x82\
\x97\x05\x57\xb4\x57\xe0\x29\xde\xf6\x7b\x5b\x44\x26\x30\x61\x57\
\x4d\x2b\xb1\xb2\xf3\x60\xe7\xe2\xb3\x8b\xa1\xc2\x70\xc4\xf0\x3c\
\xcc\x13\x67\xbd\xc6\xbd\xf0\x67\xe8\xab\xf4\xdb\x57\x6f\x7f\x03\
\x6f\xa0\x9b\xdd\x48\x46\xf2\xd3\x64\x79\xfb\x79\xcc\x83\x16\x0d\
\x6c\x68\x67\x3b\x4e\x21\xac\x3f\x8c\x64\x63\x6f\xa3\x7c\x82\xc5\
\xa9\x8b\xc5\xc1\x8a\x1b\x2b\xd4\xc5\x6a\xf5\x75\xf5\xf3\xd9\xcf\
\x8f\x72\x54\x04\x77\x19\x77\xbd\xd9\xf5\x66\x68\x59\xe8\x6b\x75\
\xaf\x09\x14\x50\x35\x51\x85\x6f\x31\xcc\x61\x59\xc0\xa7\xd8\x67\
\x87\x69\x87\x38\xbe\xd0\x75\x01\x27\x71\xc8\x7a\xc8\xd8\x63\x7c\
\xaf\xf0\x3d\x11\x7c\x27\xff\x1d\x92\x41\xc6\x20\xe5\x0f\x4a\x49\
\x29\x7f\x05\xce\x21\xbe\x33\x9e\xe4\x8b\x55\x2f\x9e\x18\x38\x51\
\x66\x29\x83\x16\xfd\xec\xc7\x95\xae\x2b\x88\x9b\xba\x0f\x9b\x5b\
\x37\x23\x6d\xc6\xf5\xa8\xe8\xab\xc8\xec\xcb\x9c\xe0\x44\xbd\xa5\
\x7e\x3a\x7e\xec\xde\x31\x0f\x7f\x8f\x82\xd4\x02\xd1\xd5\x59\x75\
\x30\x00\xa9\x40\x2c\xb2\x84\x2c\x2b\xad\x48\xc3\x43\x3e\x44\x52\
\x73\x12\xd2\xa5\x15\x7b\xd8\xb3\xa4\x66\x89\xb1\xcf\xc8\x67\xb0\
\xa6\xda\x26\x31\xe9\xfe\x2b\xfc\x8d\x65\x52\xc8\xee\x5f\x76\x23\
\x1a\x48\x07\x74\x40\x3c\x2a\x85\x4a\xc4\x35\xc6\xa9\x8b\xd4\xe2\
\xf4\xab\xb7\x5f\x0d\x2c\x0c\x9c\xbe\x8a\xd5\x6a\xf5\xf4\xf4\xfc\
\x1f\xbd\xd6\xc9\xd1\x49\x1c\xac\xf4\x5e\x49\x32\xe0\x56\xc0\xa7\
\xcd\x9f\x92\x34\xd1\x84\x24\x94\x8c\x96\xa8\x9c\x1c\x9c\x2c\xa5\
\x96\x80\xf9\x01\xeb\x7d\xd7\x97\x3f\x28\x6f\x0b\x6b\x9b\x1e\xef\
\xea\xea\x9a\xf0\xcf\x04\xb3\xd9\xec\xe8\xec\x68\x13\x6c\x32\xee\
\xe6\xe6\xf6\xe8\xd1\xa3\xd8\xd8\xd8\xc0\x35\x81\xd5\xd5\xd5\x00\
\x3e\xdf\xf3\xb9\x09\xa6\x06\x53\x43\xfd\x5f\xea\x01\x04\x20\x00\
\x84\x83\xd2\x01\x86\x27\x06\xc4\x20\xa3\x23\x43\x7d\x43\x8d\xbd\
\x50\x67\xa9\x63\x86\x62\xec\xb2\x71\x73\xe2\xe6\xec\x14\x09\x9d\
\x52\xeb\x4f\x8c\x97\xea\xd6\xf9\xba\xf3\x46\xa3\x54\x7a\x03\x1c\
\xc0\x19\xd4\xb0\x06\x45\xd6\x22\x68\x41\x72\xdd\x83\x75\x3b\xeb\
\x77\x1e\xee\x39\x0c\x3d\x1c\xbf\x77\x6c\x65\xab\x48\x9d\x77\x69\
\x9e\xd7\x1d\xaf\xca\xfe\xca\xd0\xd2\x50\x11\x09\xcc\x0c\x1c\xe2\
\x10\x72\xe0\x7d\xc0\x5b\xd6\x3b\x6a\x3e\x8a\x0c\x0c\x70\x40\x74\
\x0b\x58\x80\x64\xfc\xcc\x9f\xd1\xcc\x66\xe8\x40\x12\x89\x28\xeb\
\x2b\x23\x69\xa3\x2d\xe0\xc7\x00\x7c\x8b\x5c\x21\xd7\x2b\xd7\x0b\
\x85\x20\xd9\xde\xdf\xfe\xd1\xed\x8f\xc4\x60\x9f\x34\x1f\x92\xb5\
\xac\xc5\x77\x08\x1d\x0f\x25\xd9\xc2\x16\x1c\x83\xa1\x6f\xaa\xc3\
\x87\xdc\x0d\x59\x90\xb5\x60\x94\xa3\x98\xe4\x64\x54\x7f\x14\xd2\
\x81\x54\x74\xb0\x43\x66\xe8\x3b\xf5\xf8\x07\xdc\x0d\xee\xa2\x7b\
\xdf\x7c\x5f\x2e\x34\xef\xb4\xa9\x8d\xef\x6e\xdd\x8d\xc3\x80\x0e\
\x72\xa1\x91\x1c\xe1\x08\xbe\xc1\x63\x3e\x26\xa9\x54\x40\x11\xb3\
\x20\x06\x03\xc0\x10\x26\x31\x29\xa6\x35\xb3\x2f\x33\x24\x2b\x24\
\xe5\xaf\x29\x83\x5e\x83\x9b\x4c\x9b\x00\x28\x15\x73\x7f\xbd\x5d\
\x94\x2e\x18\x07\x9c\xe1\x04\x27\x19\x0c\x6b\x09\xc3\x32\xf8\xc2\
\x17\x80\xd4\xec\x3e\x6b\xfc\x0c\xd1\xc8\xeb\xcf\x23\x79\x6b\xf0\
\x16\x34\x38\x32\x74\x84\x64\xdd\x58\x1d\x12\xf1\x13\x7f\xfa\x75\
\xe8\xd7\x1d\x45\x3b\xc4\x0d\x8a\xdd\x94\xe4\xfa\xaa\xf5\x88\x47\
\x33\x9b\x5f\x2f\x7b\x1d\xf9\xb0\xd1\x46\xf2\x09\x9f\x20\x09\x59\
\x83\x59\x22\x67\xaa\x68\x91\x8c\x0d\x0f\x37\x74\xb0\x03\x09\x88\
\x1c\x88\x94\xf1\x2d\xad\x5b\xfc\x6f\xf9\x77\x8f\x77\x87\x96\x48\
\x7f\x72\x70\x56\xf0\x18\xc7\x70\x11\xb8\x84\x06\xa1\x41\xca\xdb\
\x35\x6f\xd7\x62\x57\x92\x1e\x39\x1e\x3e\xe5\x3e\xd2\x4d\xa3\x00\
\xf9\x1d\x70\xcd\x72\x0d\x5a\x20\x09\xe1\x9d\xe1\x9c\x69\x38\x8d\
\x4b\xdd\x97\xf6\x57\xfc\xfe\xaa\xf8\x1a\x38\x8f\x97\xfe\xfd\x92\
\x1d\x6d\x79\xde\x72\x9c\x01\x2e\xa3\x97\xbd\x32\xa8\x54\x40\x21\
\x26\x6e\x8b\xdb\x96\x55\x8b\x56\xa1\x13\x6a\x85\xda\x2e\xd1\x1e\
\x6b\x3d\xde\xcf\x7b\x7f\xa1\xcb\x42\xc9\x77\x46\xdd\x07\x75\xf7\
\x82\xee\xd9\xd1\xd6\x2e\x5f\x8b\x51\xb4\xbc\xdb\xe2\x01\x8f\x29\
\xd4\xee\x25\x13\xfd\x24\x1a\x27\x81\x63\x50\x66\x28\x9d\xae\x39\
\x21\x11\x38\x0b\xe8\x81\xaf\xa0\xad\xd7\x8a\x1c\xdf\x74\x5f\xbb\
\xbd\x9b\x69\xf6\x2d\xf0\xc5\x65\x14\x8f\x14\xdb\x9f\x5e\xa0\x30\
\xc9\xc9\xe9\x50\xb5\x50\x8d\xab\xc0\x17\x58\xf2\xaf\x25\xb5\xac\
\x95\x78\xc7\xa1\xbd\x2f\x09\xac\xba\xb0\x4a\x26\x0b\x14\xb6\xdd\
\xdf\x86\x53\x98\x9f\x37\xdf\x4c\x33\x67\xd9\x8c\xce\x3c\xfd\x34\
\x11\xe6\x08\xa4\x03\x5a\xbc\x62\x7a\x25\xde\x1a\x8f\xa3\xd0\xd4\
\x68\xc4\x29\x87\x33\x0e\x25\x83\x25\xe1\x1d\xe1\xaa\x9b\x2a\x68\
\xa0\xc8\x50\xe8\x2c\x3a\xce\x65\x33\xfe\xe4\x49\x4e\xda\x1d\x85\
\x64\x76\x57\xf6\xd6\x9a\xad\x8e\x77\x1d\x71\x1e\x71\x8d\x71\xd2\
\xa6\xbe\x06\x2e\xe3\xb9\xea\xe7\xf6\xd5\xee\xbb\x33\x79\x67\x3a\
\x5f\x5c\x41\xfe\x15\x28\x28\x04\x0a\x04\x95\x50\xe2\xf7\x8f\xad\
\xf2\x19\x5e\xc4\xb3\x4d\x80\x20\x40\x50\x41\x25\x23\x13\x98\x50\
\x41\xa5\xe0\xb4\xe7\x3b\x21\x8d\xe5\xab\x25\xe3\xd3\x11\xd1\x95\
\x41\x3b\xd7\xce\xfe\x03\xc6\x70\xfb\x22\x8d\x65\x2c\x7e\x00\x00\
\x00\x00\x49\x45\x4e\x44\xae\x42\x60\x82\
\x00\x00\x1d\x07\
\x89\
\x50\x4e\x47\x0d\x0a\x1a\x0a\x00\x00\x00\x0d\x49\x48\x44\x52\x00\
\x00\x00\x17\x00\x00\x00\x18\x08\x02\x00\x00\x00\x9e\x1e\xf1\x22\
\x00\x00\x19\xb0\x65\x58\x49\x66\x49\x49\x2a\x00\x08\x00\x00\x00\
\x00\x00\x0e\x00\x00\x00\x09\x00\xfe\x00\x04\x00\x01\x00\x00\x00\
\x01\x00\x00\x00\x00\x01\x04\x00\x01\x00\x00\x00\xf5\x00\x00\x00\
\x01\x01\x04\x00\x01\x00\x00\x00\x00\x01\x00\x00\x02\x01\x03\x00\
\x03\x00\x00\x00\x80\x00\x00\x00\x03\x01\x03\x00\x01\x00\x00\x00\
\x06\x00\x00\x00\x06\x01\x03\x00\x01\x00\x00\x00\x06\x00\x00\x00\
\x15\x01\x03\x00\x01\x00\x00\x00\x03\x00\x00\x00\x01\x02\x04\x00\
\x01\x00\x00\x00\x86\x00\x00\x00\x02\x02\x04\x00\x01\x00\x00\x00\
\x2a\x19\x00\x00\x00\x00\x00\x00\x08\x00\x08\x00\x08\x00\xff\xd8\
\xff\xe0\x00\x10\x4a\x46\x49\x46\x00\x01\x01\x00\x00\x01\x00\x01\
\x00\x00\xff\xdb\x00\x43\x00\x08\x06\x06\x07\x06\x05\x08\x07\x07\
\x07\x09\x09\x08\x0a\x0c\x14\x0d\x0c\x0b\x0b\x0c\x19\x12\x13\x0f\
\x14\x1d\x1a\x1f\x1e\x1d\x1a\x1c\x1c\x20\x24\x2e\x27\x20\x22\x2c\
\x23\x1c\x1c\x28\x37\x29\x2c\x30\x31\x34\x34\x34\x1f\x27\x39\x3d\
\x38\x32\x3c\x2e\x33\x34\x32\xff\xdb\x00\x43\x01\x09\x09\x09\x0c\
\x0b\x0c\x18\x0d\x0d\x18\x32\x21\x1c\x21\x32\x32\x32\x32\x32\x32\
\x32\x32\x32\x32\x32\x32\x32\x32\x32\x32\x32\x32\x32\x32\x32\x32\
\x32\x32\x32\x32\x32\x32\x32\x32\x32\x32\x32\x32\x32\x32\x32\x32\
\x32\x32\x32\x32\x32\x32\x32\x32\x32\x32\x32\x32\xff\xc0\x00\x11\
\x08\x01\x00\x00\xf5\x03\x01\x22\x00\x02\x11\x01\x03\x11\x01\xff\
\xc4\x00\x1f\x00\x00\x01\x05\x01\x01\x01\x01\x01\x01\x00\x00\x00\
\x00\x00\x00\x00\x00\x01\x02\x03\x04\x05\x06\x07\x08\x09\x0a\x0b\
\xff\xc4\x00\xb5\x10\x00\x02\x01\x03\x03\x02\x04\x03\x05\x05\x04\
\x04\x00\x00\x01\x7d\x01\x02\x03\x00\x04\x11\x05\x12\x21\x31\x41\
\x06\x13\x51\x61\x07\x22\x71\x14\x32\x81\x91\xa1\x08\x23\x42\xb1\
\xc1\x15\x52\xd1\xf0\x24\x33\x62\x72\x82\x09\x0a\x16\x17\x18\x19\
\x1a\x25\x26\x27\x28\x29\x2a\x34\x35\x36\x37\x38\x39\x3a\x43\x44\
\x45\x46\x47\x48\x49\x4a\x53\x54\x55\x56\x57\x58\x59\x5a\x63\x64\
\x65\x66\x67\x68\x69\x6a\x73\x74\x75\x76\x77\x78\x79\x7a\x83\x84\
\x85\x86\x87\x88\x89\x8a\x92\x93\x94\x95\x96\x97\x98\x99\x9a\xa2\
\xa3\xa4\xa5\xa6\xa7\xa8\xa9\xaa\xb2\xb3\xb4\xb5\xb6\xb7\xb8\xb9\
\xba\xc2\xc3\xc4\xc5\xc6\xc7\xc8\xc9\xca\xd2\xd3\xd4\xd5\xd6\xd7\
\xd8\xd9\xda\xe1\xe2\xe3\xe4\xe5\xe6\xe7\xe8\xe9\xea\xf1\xf2\xf3\
\xf4\xf5\xf6\xf7\xf8\xf9\xfa\xff\xc4\x00\x1f\x01\x00\x03\x01\x01\
\x01\x01\x01\x01\x01\x01\x01\x00\x00\x00\x00\x00\x00\x01\x02\x03\
\x04\x05\x06\x07\x08\x09\x0a\x0b\xff\xc4\x00\xb5\x11\x00\x02\x01\
\x02\x04\x04\x03\x04\x07\x05\x04\x04\x00\x01\x02\x77\x00\x01\x02\
\x03\x11\x04\x05\x21\x31\x06\x12\x41\x51\x07\x61\x71\x13\x22\x32\
\x81\x08\x14\x42\x91\xa1\xb1\xc1\x09\x23\x33\x52\xf0\x15\x62\x72\
\xd1\x0a\x16\x24\x34\xe1\x25\xf1\x17\x18\x19\x1a\x26\x27\x28\x29\
\x2a\x35\x36\x37\x38\x39\x3a\x43\x44\x45\x46\x47\x48\x49\x4a\x53\
\x54\x55\x56\x57\x58\x59\x5a\x63\x64\x65\x66\x67\x68\x69\x6a\x73\
\x74\x75\x76\x77\x78\x79\x7a\x82\x83\x84\x85\x86\x87\x88\x89\x8a\
\x92\x93\x94\x95\x96\x97\x98\x99\x9a\xa2\xa3\xa4\xa5\xa6\xa7\xa8\
\xa9\xaa\xb2\xb3\xb4\xb5\xb6\xb7\xb8\xb9\xba\xc2\xc3\xc4\xc5\xc6\
\xc7\xc8\xc9\xca\xd2\xd3\xd4\xd5\xd6\xd7\xd8\xd9\xda\xe2\xe3\xe4\
\xe5\xe6\xe7\xe8\xe9\xea\xf2\xf3\xf4\xf5\xf6\xf7\xf8\xf9\xfa\xff\
\xda\x00\x0c\x03\x01\x00\x02\x11\x03\x11\x00\x3f\x00\xf5\xea\x28\
\xa2\xbe\x0c\xe3\x0a\x28\xa2\x80\x0a\x43\x4b\x45\x00\x25\x14\xb8\
\xa3\x14\x00\x51\x45\x14\x00\x51\x45\x14\x00\x51\x45\x14\x00\x51\
\x45\x14\x00\x51\x45\x14\x00\x51\x45\x14\x00\x51\x45\x14\x00\x51\
\x45\x14\x00\x51\x45\x14\x00\x51\x45\x14\x00\x51\x45\x14\x00\x51\
\x45\x14\x00\x51\x45\x14\x00\x51\x9a\x0d\x25\x00\x2d\x14\x51\x40\
\x05\x14\x51\x40\x05\x14\x51\x40\x05\x14\x51\x40\x05\x14\x51\x40\
\x05\x14\x51\x40\x05\x14\x51\x40\x05\x14\x51\x40\x05\x14\x51\x40\
\x05\x14\x51\x40\x05\x14\x51\x40\x05\x14\x51\x40\x05\x14\x51\x40\
\x05\x14\x51\x40\x05\x14\x51\x40\x05\x14\x51\x40\x05\x15\x4b\xed\
\x92\x7a\x2f\xe5\x5e\x7b\xe3\xbf\x88\xfa\xc7\x86\x35\xc8\x6c\xac\
\xad\xac\x64\x89\xed\x96\x52\x66\x47\x27\x25\x98\x76\x61\xc7\xca\
\x2b\x5a\x54\x27\x56\x5c\xb1\xdc\xa4\x9b\x37\xfe\x24\x7f\xc8\xbb\
\x6f\xff\x00\x5f\x6b\xff\x00\xa0\x3d\x79\x75\x50\xf1\x37\xc5\x6d\
\x77\x57\xd3\x63\xb7\xb8\xb4\xd3\x95\x16\x60\xe0\xc7\x1b\x83\x9c\
\x11\xdd\xcf\xad\x72\x9f\xf0\x9a\x6a\x3f\xf3\xc6\xd7\xfe\xf8\x6f\
\xfe\x2a\xbd\xcc\x2e\x0a\xac\x69\xd9\x9a\xc6\x2e\xc7\x39\x45\x77\
\x1f\xf0\x86\xe9\xdf\xf3\xda\xeb\xfe\xfa\x5f\xfe\x26\xa5\x8b\xc1\
\x1a\x6b\xae\x4c\xf7\x7d\x7f\xbe\xbf\xfc\x4d\x7a\x5f\x5a\xa6\x5f\
\x32\x38\x2a\x2b\xd1\x21\xf0\x16\x97\x23\x90\x6e\x2f\x3a\x67\x87\
\x5f\xfe\x26\xa6\xff\x00\x85\x7b\xa4\xff\x00\xcf\xc5\xef\xfd\xf6\
\x9f\xfc\x4d\x27\x8c\xa4\x1c\xc8\xf3\x5a\xf6\x6f\x84\x9f\xf2\x2a\
\x5d\x7f\xd7\xf3\xff\x00\xe8\x11\xd7\x8c\xd7\x4d\xe1\xdf\x1c\xea\
\x7e\x19\xd3\xe4\xb2\xb2\x82\xd2\x48\xde\x53\x29\x33\x23\x13\x92\
\x00\xec\xc3\x8f\x94\x51\x8b\xa5\x2a\xb4\xb9\x63\xb8\x49\x5d\x1f\
\x49\xf8\x7b\xfe\x3f\xe4\xff\x00\xae\x47\xf9\x8a\xe9\x6b\xe6\x8b\
\x0f\x8c\xde\x22\xb3\x9d\xa4\x8e\xcb\x4b\x24\xae\xdf\x9a\x29\x3d\
\x47\xfb\x7e\xd5\xa3\xff\x00\x0b\xdf\xc5\x1f\xf3\xe1\xa3\xff\x00\
\xdf\x99\x7f\xf8\xe5\x78\x55\x32\xbc\x43\x95\xd2\x5f\x79\x8b\xa6\
\xcf\xa1\xa8\xaa\x5f\x6c\x93\xd1\x7f\x2a\xb5\x0b\x99\x22\x0c\x71\
\x93\xe9\x5e\x5b\x56\x20\x7d\x14\x51\x48\x41\x45\x14\x50\x01\x45\
\x14\x50\x01\x45\x14\x50\x01\x45\x14\x50\x01\x45\x14\x50\x01\x45\
\x14\x50\x01\x45\x14\x50\x01\x45\x14\x50\x07\x98\x7f\xc2\xd6\xd0\
\xbf\xe7\xd3\x51\xff\x00\xbf\x69\xff\x00\xc5\xd7\x99\x7c\x45\xf1\
\x5d\x86\xbb\xe2\x0b\x7b\xab\x58\xae\x51\x16\xd5\x63\x22\x55\x50\
\x72\x1d\xcf\x62\x7d\x6b\x32\xb0\xb5\xaf\xf8\xfc\x4f\xfa\xe6\x3f\
\x99\xaf\xa8\xc3\x60\xe9\x42\xa5\xd1\xd1\x18\xa4\xcd\xaf\x0e\x78\
\x72\xf3\xc7\x7a\x8c\x9a\x5e\x97\x24\x10\xcf\x14\x46\xe1\x9a\xe9\
\x8a\xa9\x50\x42\xe0\x6d\x0c\x73\x97\x1d\xbd\x6b\xa7\xff\x00\x85\
\x07\xe2\x9f\xf9\xff\x00\xd1\xbf\xef\xf4\xbf\xfc\x6e\x8f\x80\x7f\
\xf2\x3d\x5f\x7f\xd8\x32\x4f\xfd\x1b\x15\x7d\x17\x5c\xb8\xec\x75\
\x6c\x3d\x6f\x67\x4f\x62\x67\x37\x17\x64\x79\x6f\xfc\x2b\x5d\x67\
\xfe\x7e\x6c\x3f\xef\xe3\xff\x00\xf1\x35\x2c\x5f\x0e\xb5\x74\x5c\
\x1b\x9b\x1e\xbf\xdf\x7f\xfe\x26\xbd\x36\x8a\xf2\xfe\xb9\x54\xcf\
\x99\x9e\x71\x0f\x80\x35\x58\xdc\x93\x71\x65\xd3\x1c\x3b\x7f\xf1\
\x35\x3f\xfc\x20\xda\x9f\xfc\xf7\xb4\xff\x00\xbe\xdb\xff\x00\x89\
\xaf\x40\xa2\xa5\xe2\xaa\x07\x33\x3e\x74\xff\x00\x85\x07\xe2\x9f\
\xf9\xff\x00\xd1\xbf\xef\xf4\xbf\xfc\x6e\xa8\xde\x7c\x18\xf1\x1d\
\x8c\xc2\x29\x6f\x74\xa2\xc5\x77\x7c\xb2\xc9\x8f\xfd\x03\xda\xbe\
\x99\xae\x6b\xc4\x3f\xf1\xff\x00\x1f\xfd\x72\x1f\xcc\xd7\x75\x3c\
\xd7\x11\x29\x59\xb5\xf7\x16\xaa\x48\xf9\xbb\x5f\xf0\x46\xa5\xe1\
\x7b\x04\xbd\xbd\x9e\xd2\x48\x9e\x51\x08\x10\x3b\x13\x92\x09\xee\
\xa3\x8f\x94\xd7\x39\xe6\x2f\xa1\xaf\x61\xf8\xb7\xff\x00\x22\xa5\
\xaf\xfd\x7f\x27\xfe\x81\x25\x78\xcd\x7b\x78\x4a\x92\xab\x4f\x9a\
\x5b\x9a\xc5\xdd\x5c\xf7\xef\xf8\x5e\x1e\x19\xff\x00\x9f\x1d\x5b\
\xfe\xfd\x47\xff\x00\xc7\x2a\xcc\x3f\x1e\x7c\x2f\x1c\x41\x4d\x86\
\xb1\x91\xe9\x0c\x5f\xfc\x72\xbe\x78\xa2\xb0\x79\x56\x1d\xf4\x7f\
\x78\xbd\x9c\x4f\xaa\xbc\x23\xf1\x37\x45\xf1\xa6\xad\x2e\x9d\xa7\
\x5a\xdf\xc5\x34\x50\x19\xcb\x5c\x46\x8a\xbb\x43\x2a\xe3\xe5\x72\
\x73\x96\x1d\xab\xb4\xaf\x9d\x3e\x01\xff\x00\xc8\xf5\x7d\xff\x00\
\x60\xc9\x3f\xf4\x6c\x55\xf4\x5d\x78\x58\xfa\x10\xa1\x5b\x92\x1b\
\x18\xcd\x24\xec\x82\x8a\x28\xae\x22\x02\x8a\x28\xa0\x02\x8a\x28\
\xa0\x02\x8a\x28\xa0\x02\x8a\x28\xa0\x02\x8a\x28\xa0\x02\x8a\x28\
\xa0\x0e\x4f\xe2\x0f\xfc\x80\x20\xff\x00\xaf\xa5\xff\x00\xd0\x5e\
\xbc\xda\xbb\x1f\x8c\xda\xb4\xfa\x37\x83\xed\x2e\x2d\xd2\x36\x76\
\xbf\x44\x22\x40\x48\xc7\x97\x21\xec\x47\xa5\x78\x67\xfc\x27\x7a\
\xa7\xfc\xf0\xb3\xff\x00\xbe\x1b\xff\x00\x8a\xaf\x6f\x01\x87\x9c\
\xe8\xf3\x44\xd6\x11\x6d\x1c\xc5\x7b\xf7\xc0\xff\x00\xf9\x12\xaf\
\x3f\xec\x22\xff\x00\xfa\x2e\x3a\xf0\x1a\xfa\x1b\xe0\x3c\x0b\x2f\
\x81\xef\x59\x89\xcf\xf6\x93\x8e\x3f\xeb\x9c\x55\xdf\x9a\xbb\x61\
\xdf\xaa\x34\xa9\xf0\x9e\x97\x67\xfe\xb8\xff\x00\xbb\x57\x6b\x9f\
\xf1\x26\xa3\x37\x87\xf4\xe8\xee\xed\x15\x1e\x47\x94\x46\x44\xa0\
\x91\x82\x09\xec\x47\x3c\x0a\xe5\xbf\xe1\x60\xea\xdf\xf3\xef\x65\
\xff\x00\x7c\x3f\xff\x00\x15\x5f\x39\x1a\x13\xa8\xb9\xa2\x61\x66\
\xcf\x1f\xa9\xe0\xfb\x87\xeb\x5c\xbf\xf6\xf5\xd7\xfc\xf3\x87\xf2\
\x3f\xe3\x5d\x4f\x86\xff\x00\xe2\x69\xa7\x49\x3c\xff\x00\x2b\x2c\
\xa5\x00\x4e\x06\x30\x0f\x7c\xfa\xd7\xd3\x54\x83\x84\x6e\xcd\xda\
\xb1\xd8\xfc\x3b\xff\x00\x91\x82\x7f\xfa\xf5\x6f\xfd\x0d\x2b\xd3\
\x2b\x88\xf8\x77\xa6\xc3\xff\x00\x09\x04\xff\x00\x34\x9f\xf1\xea\
\xdd\xc7\xf7\xd3\xda\xbd\x33\xfb\x36\x1f\xef\x49\xf9\x8f\xf0\xaf\
\x0b\x17\x35\xed\x4c\xa5\xb9\x7e\x8a\x28\xaf\x3c\xcc\x28\xa2\x8a\
\x00\xf9\x5a\xb9\x7d\x5f\xfe\x42\x93\x7f\xc0\x7f\xf4\x11\x5e\xdb\
\xff\x00\x08\x16\x95\xff\x00\x3f\x17\x9f\xf7\xda\xff\x00\xf1\x35\
\xe6\x1e\x2d\xd1\x2d\xac\x3c\x4f\x79\x6d\x13\xca\x51\x36\x60\xb1\
\x19\xe5\x14\xfa\x7b\xd7\xd5\xe1\x71\x10\x94\xda\x5d\x8e\x98\xb5\
\x73\xa8\xf8\x07\xff\x00\x23\xd5\xf7\xfd\x83\x24\xff\x00\xd1\xb1\
\x57\xd1\x75\xf3\xb7\xc1\xa1\xf6\x0f\x17\xdd\xcb\x17\xcc\xc6\xc1\
\xd7\xe7\xe4\x63\xcc\x8c\xff\x00\x4a\xf7\x1f\xed\x69\xff\x00\xb9\
\x1f\xe4\x7f\xc6\xbc\x8c\xd2\x2e\x58\x86\xd7\x64\x65\x53\xe2\x36\
\x28\xa2\x8a\xf2\xcc\xc2\x8a\x28\xa0\x02\x8a\x28\xa0\x02\x8a\x28\
\xa0\x02\x8a\x28\xa0\x02\x8a\x28\xa0\x02\xa8\xde\x6a\xb0\x58\xcc\
\x22\x95\x24\x2c\x57\x77\xca\x06\x3f\x9f\xb5\x5e\xae\x6b\xc4\x3f\
\xf1\xff\x00\x1f\xfd\x72\x1f\xcc\xd5\xd3\x8a\x94\xac\xc6\x8e\x2f\
\xe3\x25\xca\x6b\x5e\x10\xb4\xb6\xb6\x0c\x8e\xb7\xe9\x21\x32\x70\
\x30\x23\x90\x76\xcf\xad\x78\x77\xf6\x0d\xd7\xfc\xf4\x87\xf3\x3f\
\xe1\x5e\xcd\xe3\xdf\xf9\x01\x41\xff\x00\x5f\x2b\xff\x00\xa0\xb5\
\x79\xdd\x7d\x0e\x06\x6e\x9d\x1e\x58\x9b\x41\xd9\x1c\xef\xf6\x0d\
\xd7\xfc\xf4\x87\xf3\x3f\xe1\x5e\xfd\xf0\x3a\xd2\x4b\x3f\x05\x5e\
\x47\x21\x52\x4e\xa2\xed\xf2\x9f\xfa\x67\x1f\xf8\x57\x91\x57\xb5\
\x7c\x21\xff\x00\x91\x4e\xeb\xfe\xbf\x9f\xff\x00\x45\xc7\x51\x99\
\x54\x94\xa8\x59\xf7\x41\x37\xa1\x27\xc5\x7d\x5a\x0d\x1b\xc2\xd6\
\xb7\x17\x09\x23\x23\x5e\xa2\x01\x18\x04\xe7\x63\x9e\xe4\x7a\x57\
\x8f\x7f\xc2\x77\xa5\xff\x00\xcf\x0b\xcf\xfb\xe1\x7f\xf8\xaa\xf4\
\x9f\x8f\x9f\xf2\x22\xd8\xff\x00\xd8\x4e\x3f\xfd\x15\x2d\x7c\xe9\
\x55\x96\x61\xe1\x3c\x3f\x34\xbb\xb0\xa7\x14\xd1\xd0\x7f\xc2\x21\
\xa8\x7f\xcf\x6b\x6f\xfb\xe9\xbf\xf8\x9a\xf4\x1f\x02\xf8\x27\x52\
\x93\x44\x98\x89\xed\x31\xf6\x96\x1c\xbb\x7f\x75\x7f\xd9\xaa\x75\
\xe9\x3f\x0f\xbf\xe4\x03\x3f\xfd\x7d\x37\xfe\x82\xb4\xb1\x78\x9a\
\x9e\xcc\x25\x27\x62\xd7\x84\x3c\x35\x79\xa3\xea\xd2\xdc\x5c\x4b\
\x03\x23\x40\x50\x08\xd8\x93\x9d\xca\x7b\x81\xe9\x5d\xa6\xd3\x55\
\x2c\xff\x00\xd7\x1f\xf7\x6a\xed\x78\x35\x66\xe7\x2b\xb3\x16\xee\
\x14\x51\x45\x66\x20\xa2\x8a\x28\x03\x9a\xff\x00\x84\x7a\xef\xfe\
\x7a\x41\xff\x00\x7d\x1f\xf0\xaf\x01\xf8\x90\xe2\xc3\xc7\xda\x9d\
\xac\xb9\x2e\x9e\x56\x4a\x72\x39\x89\x0f\xf5\xaf\xa8\xeb\xe5\x8f\
\x8b\xff\x00\xf2\x54\xb5\x9f\xfb\x61\xff\x00\xa2\x23\xaf\x63\x29\
\x93\x9d\x66\x9f\x6f\xd5\x1a\xd3\xd5\x97\xfe\x18\x6a\xf6\xf6\xde\
\x25\xb9\x77\x49\x48\x36\x6c\x38\x03\xfb\xe9\xef\x5e\xb3\xff\x00\
\x09\x25\x9f\xfc\xf3\x9f\xfe\xf9\x1f\xe3\x5e\x1b\xf0\xf7\xfe\x43\
\xf3\xff\x00\xd7\xab\x7f\xe8\x49\x5e\x95\x5d\x18\xda\x51\x75\x47\
\x35\xa9\xec\xf4\x51\x45\x7c\xf9\x88\x51\x45\x14\x00\x51\x45\x14\
\x00\x51\x45\x14\x00\x51\x45\x14\x00\x51\x45\x14\x00\x57\x9b\x7c\
\x41\xff\x00\x90\xfc\x1f\xf5\xea\xbf\xfa\x13\xd7\xa4\xd7\x0d\xe3\
\x3b\x08\xae\xb5\x88\x5d\xd9\xc1\x16\xe0\x7c\xa4\x7f\x79\xab\xa3\
\x0a\xed\x52\xec\xa8\xee\x78\xe7\x8e\xff\x00\xe4\x09\x0f\xfd\x7c\
\xaf\xfe\x82\xd5\xe7\xb5\xea\x9f\x11\xb4\xe8\x6d\xfc\x3d\x6e\xe8\
\xce\x49\xba\x51\xc9\x1f\xdc\x7f\x6a\xf3\x1f\x29\x7d\x4d\x7d\x4e\
\x0e\x49\xd2\x3a\x22\xf4\x3e\xc3\xab\xb6\x7f\xea\x4f\xfb\xd5\xc4\
\x7f\xc2\x4d\x7b\xff\x00\x3c\xad\xff\x00\xef\x93\xfe\x35\xd3\xf8\
\x72\xfa\x5d\x43\x4e\x92\x59\x55\x15\x84\xa5\x7e\x40\x40\xc6\x01\
\xfe\xb5\xf2\xb5\x29\x4a\x31\xbb\x39\xda\x38\x4f\x8f\x9f\xf2\x22\
\xd8\xff\x00\xd8\x4e\x3f\xfd\x15\x2d\x7c\xe9\x5f\x5f\xf8\xbb\xc2\
\x3a\x7f\x8d\x34\x98\xb4\xed\x46\x6b\x98\xa1\x8a\x71\x38\x6b\x76\
\x55\x6d\xc1\x59\x71\xf3\x29\x18\xc3\x1e\xd5\xc5\xff\x00\xc2\x83\
\xf0\xb7\xfc\xff\x00\xeb\x3f\xf7\xfa\x2f\xfe\x37\x5e\xae\x03\x1f\
\x46\x85\x1e\x49\xee\x69\x09\xa4\xac\xcf\x53\xa2\x8a\x2b\xc3\x31\
\x0a\x28\xa2\x80\x0a\x28\xa2\x80\x0a\x28\xa2\x80\x3c\xd2\xbc\xe3\
\xc5\x1f\xf2\x31\xdd\xff\x00\xc0\x3f\xf4\x05\xae\xd7\xfb\x42\x5f\
\xee\xa7\xe4\x7f\xc6\xb9\x5d\x62\xd9\x2e\xf5\x59\xa7\x90\xb0\x66\
\xdb\x90\xbd\x38\x50\x2b\xdd\xc3\xae\x59\x5d\x9b\x22\xb7\x86\xbf\
\xe4\x23\x27\xfd\x71\x3f\xcc\x57\x53\x58\x5a\x2d\xa4\x70\x5e\x3b\
\xa1\x62\x4c\x64\x72\x7d\xc5\x6e\xd5\x55\x77\x90\x33\xd9\xe8\xa2\
\x8a\xf0\x0c\x42\x8a\x28\xa0\x02\x8a\x28\xa0\x02\x8a\x28\xa0\x02\
\x8a\x28\xa0\x02\x8a\x28\xa0\x02\xb0\xb5\xad\x16\xe7\x52\xbc\x49\
\xa1\x78\x95\x56\x30\xa4\x39\x20\xe7\x24\xf6\x1e\xf5\xbb\x45\x38\
\xc9\xc5\xdd\x0c\xf1\x1f\x8b\xfa\x3d\xc6\x97\xe1\x3b\x59\xe7\x78\
\x99\x5a\xf9\x10\x04\x24\x9c\xf9\x72\x1e\xe0\x7a\x57\x8a\xf9\xab\
\xe8\x6b\xe8\x5f\x8f\x9f\xf2\x22\xd8\xff\x00\xd8\x4e\x3f\xfd\x15\
\x2d\x7c\xe9\x5f\x53\x95\xb7\x3c\x3a\x6f\xbb\x37\xa7\xaa\x3d\xdf\
\xfb\x56\x0f\xee\x49\xf9\x0f\xf1\xaf\x40\xf0\x35\xc2\x5c\xe8\x93\
\x3a\x06\x00\x5c\xb0\xe7\xfd\xd5\xaf\x28\xaf\x4f\xf8\x73\xff\x00\
\x22\xf5\xc7\xfd\x7d\xb7\xfe\x80\x95\xe4\xe2\xe0\x95\x3b\x99\xcb\
\x63\xaf\xa3\x34\x1a\x4a\xf2\xcc\xc5\xa2\x8a\x28\x00\xa2\x8a\x28\
\x00\xa2\x8a\x28\x00\xa2\x8a\x28\x03\xc2\xff\x00\xb4\xa1\xfe\xec\
\x9f\x90\xff\x00\x1a\xe5\xf5\x6f\x14\x59\x5b\x6a\x73\x42\xf1\x5c\
\x16\x5d\xb9\x2a\xab\x8f\xba\x0f\xad\x69\xd7\x9f\xf8\x93\xfe\x43\
\xf7\x5f\xf0\x0f\xfd\x00\x57\xd4\x61\xe8\xc6\x52\xb3\x3a\x12\x3b\
\xff\x00\x08\xea\x90\x6b\xda\xb4\xb6\xb6\xa9\x22\x3a\x40\x64\x26\
\x50\x00\xc0\x65\x1d\x89\xf5\x15\xda\x7f\x63\x5c\x7f\x7e\x2f\xcc\
\xff\x00\x85\x79\xa7\xc2\x4f\xf9\x1a\xee\xbf\xeb\xc5\xff\x00\xf4\
\x38\xeb\xd9\xab\x93\x1b\xfb\xba\xbc\xb1\x26\x5a\x33\xbb\xa2\x8a\
\x2b\xc2\x31\x0a\x28\xa2\x80\x0a\x28\xa2\x80\x0a\x28\xa2\x80\x0a\
\x28\xa2\x80\x0a\x28\xa2\x80\x0a\x28\xa2\x80\x38\xcf\x89\x9f\xf2\
\x2d\xdb\xff\x00\xd7\xda\xff\x00\xe8\x0f\x5e\x53\x5e\xf9\xa9\xe9\
\x36\x3a\xcd\xb2\xdb\xdf\xc1\xe7\x44\xae\x1c\x2e\xf6\x5c\x36\x08\
\xcf\x04\x7a\x9a\xca\xff\x00\x84\x13\xc3\x7f\xf4\x0d\xff\x00\xc8\
\xf2\x7f\xf1\x55\xdf\x87\xc5\x42\x94\x39\x5a\x65\xa9\x24\x8f\x93\
\xeb\xe8\x3f\x81\x5f\xf2\x24\x5e\xff\x00\xd8\x49\xff\x00\xf4\x5c\
\x55\xf3\x9f\x9a\xff\x00\xde\xfd\x2b\xa1\xd0\xbc\x7b\xe2\x6f\x0c\
\xd8\xbd\x96\x91\xa9\x7d\x9a\xdd\xe4\x32\xb2\x79\x11\xbe\x58\x80\
\x09\xcb\x29\x3d\x14\x7e\x55\xef\xe3\x70\xd3\xaf\x4b\x92\x2d\x5c\
\xda\x51\x6d\x58\xfa\xe8\xd2\x57\x83\xfc\x3b\xf8\x8b\xe2\xad\x77\
\xc4\x13\xda\xea\x5a\xaf\x9f\x0a\x5a\xb4\x8a\xbf\x67\x89\x70\xc1\
\xd0\x67\x2a\xa0\xf4\x26\xbd\x37\xfb\x66\xff\x00\xfe\x7b\xff\x00\
\xe3\x8b\xfe\x15\xf3\x95\xb0\x75\x28\xcb\x92\x4d\x18\x38\xb5\xa1\
\xd6\x51\x45\x15\xc8\x48\x51\x45\x14\x00\x51\x45\x61\xeb\x3a\x85\
\xd5\xa5\xe2\x47\x04\xbb\x54\xc6\x09\x1b\x41\xe7\x27\xd4\x53\x8c\
\x5c\x9d\x90\xca\x9e\x3a\xff\x00\x90\x24\x3f\xf5\xf2\xbf\xfa\x0b\
\x57\x9f\x55\xff\x00\x88\x7a\xee\xa5\x1e\x81\x01\x5b\x9c\x1f\xb5\
\x28\xfb\x8b\xfd\xc7\xf6\xaf\x33\xff\x00\x84\x8f\x55\xff\x00\x9f\
\xaf\xfc\x86\xbf\xe1\x5e\xc6\x13\x0f\x27\x4c\xd2\x2b\x43\x87\xab\
\x50\xff\x00\xaa\x5a\xad\x81\x5a\xf6\x56\xf1\x3d\xa2\x33\x2e\x49\
\xcf\x73\xeb\x5e\xfc\xdd\x91\xb3\x3d\x13\xe0\x5f\xfc\x8e\xd7\xbf\
\xf6\x0e\x7f\xfd\x19\x1d\x7d\x03\x5f\x35\xf8\x06\xee\x7d\x23\x5d\
\x9e\xe2\xc5\xfc\xa9\x5a\xd9\x90\xb6\x03\x71\xb9\x4e\x39\xcf\xa0\
\xaf\x46\xff\x00\x84\xb3\x5b\xff\x00\x9f\xdf\xfc\x84\x9f\xe1\x5f\
\x3b\x8f\xa1\x2a\x95\xb9\x91\x8c\xd5\xd9\xe9\xd4\x51\x45\x79\x26\
\x41\x45\x14\x50\x01\x45\x14\x50\x01\x45\x14\x50\x01\x45\x14\x50\
\x01\x45\x14\x50\x01\x45\x14\x50\x01\x45\x14\x50\x07\xce\x9f\xf0\
\xa0\xfc\x53\xff\x00\x3f\xfa\x37\xfd\xfe\x97\xff\x00\x8d\xd5\x6b\
\x8f\x82\x3e\x25\xb6\x90\x23\xdf\x69\x24\x91\x9e\x25\x93\xff\x00\
\x8d\xd7\xd2\x95\x8f\xab\x7f\xc7\xd2\xff\x00\xb8\x3f\x99\xaf\x56\
\x19\xae\x21\xbb\x36\xbe\xe3\x4f\x69\x23\xc2\xb4\xcd\x06\xeb\xe1\
\x75\xcb\x6b\x7a\xdc\x90\xdc\x5b\x4e\x86\xd1\x52\xc8\x97\x70\xec\
\x43\x82\x43\x05\x18\xc2\x1e\xfe\x9c\x56\xaf\xfc\x2d\xbd\x07\xfe\
\x7d\x35\x2f\xfb\xf7\x1f\xff\x00\x17\x57\x3e\x33\x7f\xc8\x9f\x69\
\xff\x00\x5f\xe9\xff\x00\xa2\xe4\xaf\x0d\xaf\x4e\x85\x18\xe2\xe1\
\xed\x6a\xee\x68\x97\x32\xbb\x3e\x8b\xff\x00\x85\xf9\xe1\x6f\xf9\
\xf0\xd6\x7f\xef\xcc\x5f\xfc\x72\xb4\x2c\x7e\x32\x78\x77\x50\x81\
\xa5\x8a\xcf\x54\x55\x0d\xb7\xe7\x8a\x30\x73\x80\x7f\xbf\xef\x5f\
\x32\x57\x55\xe1\x9f\xf9\x06\xc9\xff\x00\x5d\x8f\xf2\x15\x15\x72\
\xbc\x3c\x63\x74\x9f\xde\x0e\x9c\x4f\x7b\x5f\x8a\x9a\x1b\x1c\x0b\
\x4d\x47\xfe\xfd\xa7\xff\x00\x17\x4e\xff\x00\x85\xa3\xa2\x7f\xcf\
\xae\xa1\xff\x00\x7e\xd3\xff\x00\x8b\xaf\x1f\x8f\xef\x1f\xa5\x4b\
\x5c\x9f\x51\xa2\x47\x22\x3d\x6f\xfe\x16\x8e\x89\xff\x00\x3e\xba\
\x87\xfd\xfb\x4f\xfe\x2e\xb9\x6f\x12\x7c\x57\xd0\xa3\xd4\x63\x06\
\xd3\x51\xff\x00\x54\x0f\x11\xa7\xa9\xff\x00\x6e\xb8\xda\xe3\xfc\
\x55\xff\x00\x21\x48\xbf\xeb\x88\xff\x00\xd0\x9a\xb6\xc3\xe0\x28\
\xb9\x94\xa0\xae\x75\x9e\x2c\xf8\x83\xa4\xeb\xba\x54\x56\xb6\xb6\
\xf7\xa8\xe9\x38\x90\x99\x51\x00\xc0\x56\x1d\x98\xfa\xd7\x1d\xfd\
\xab\x07\xf7\x24\xfc\x87\xf8\xd6\x45\x15\xea\xd3\xc3\x42\x9a\xe5\
\x89\xa2\x8a\x47\x5d\xff\x00\x0a\xfb\x56\xff\x00\x9f\x8b\x2f\xfb\
\xed\xff\x00\xf8\x9a\x78\xd0\xae\xac\x07\xd9\x65\x92\x12\xe9\xd4\
\xa1\x24\x73\xcf\xa7\xbd\x7a\x35\x73\x3a\xb7\xfc\x84\xe6\xff\x00\
\x80\xff\x00\xe8\x22\xb8\x23\x89\x9c\xdd\x99\x0a\x4d\x99\x36\x17\
\xb1\xf8\x7a\x76\xbb\xbb\x57\x78\xdd\x7c\xa0\x22\x00\x9c\x92\x0f\
\x7c\x71\xc1\xad\x1f\xf8\x4f\xf4\xaf\xf9\xf7\xbd\xff\x00\xbe\x17\
\xff\x00\x8a\xae\x7f\xc4\x7f\xf2\x0f\x8f\xfe\xba\x8f\xe4\x6b\x98\
\xae\x88\x50\x85\x45\xcd\x2d\xc7\x6b\x9f\x49\x7f\xc2\xea\xf0\xe7\
\xfc\xf9\x6a\xbf\xf7\xea\x3f\xfe\x39\x5d\x7e\x89\xe2\x3b\x3d\x7b\
\x48\x83\x53\xb5\x8e\x74\x86\x6d\xdb\x56\x55\x01\x86\x18\xa9\xce\
\x09\x1d\x41\xef\x5f\x2c\xd7\xbf\xfc\x37\xff\x00\x91\x07\x4c\xff\
\x00\xb6\xbf\xfa\x35\xeb\xc7\xc6\xe0\xe9\x51\xa6\xa5\x1e\xe6\x52\
\x8a\x48\xee\xa3\xb8\x49\x5b\x6a\x86\xce\x33\xcd\x4b\x9a\xa5\x69\
\xfe\xb4\xff\x00\xbb\x57\x2b\xca\x68\x81\x68\xa2\x8a\x42\x0a\x28\
\xa2\x80\x0a\x28\xa2\x80\x0a\x28\xa2\x80\x0a\x28\xa2\x80\x0a\x28\
\xa2\x80\x0a\x28\xa2\x80\x2b\xde\x7f\xa9\x1f\xef\x55\x2a\xd3\x74\
\x59\x06\x18\x64\x75\xa6\x7d\x9a\x1f\xee\x7e\xa6\xa9\x4a\xc3\x3c\
\x42\xb1\xf5\x5f\xf8\xfa\x5f\xf7\x07\xf3\x35\xed\xff\x00\xf0\x86\
\xe8\x1f\xf3\xe1\xff\x00\x91\xa4\xff\x00\xe2\xaa\x19\x7c\x07\xe1\
\xa9\xdc\x34\x9a\x6e\xe2\x06\x33\xe7\xc8\x3f\xf6\x6a\xf4\xa3\x8e\
\xa6\x9d\xec\xcb\xe6\x47\xcd\xde\x26\xff\x00\x90\x6c\x7f\xf5\xd8\
\x7f\x23\x5c\xad\x7d\x63\x75\xf0\xcb\xc2\x17\x91\x88\xee\x34\x8d\
\xe8\x0e\xe0\x3e\xd3\x28\xe7\xf0\x7f\x7a\xab\xff\x00\x0a\x83\xc0\
\x9f\xf4\x02\xff\x00\xc9\xb9\xff\x00\xf8\xba\xed\xa5\x9b\xd0\x84\
\x6c\xd3\xfc\x3f\xcc\xb5\x51\x23\xe5\x8a\xdf\xd1\x3f\xe3\xc9\xff\
\x00\xeb\xa1\xfe\x42\xbe\x88\xff\x00\x85\x41\xe0\x4f\xfa\x01\x7f\
\xe4\xdc\xff\x00\xfc\x5d\x4f\x07\xc2\xdf\x06\x5b\x21\x48\xb4\x6d\
\xaa\x4e\x71\xf6\xa9\x8f\x3f\xf7\xdd\x3a\x99\xbd\x09\x2b\x24\xff\
\x00\x0f\xf3\x07\x51\x1f\x39\x6a\xff\x00\xf1\xe8\x9f\xf5\xd0\x7f\
\x23\x58\xb5\xee\x3f\x15\xfc\x1b\xa0\x68\x9e\x16\xb5\xb9\xd3\xac\
\x3c\x99\x9a\xf5\x23\x2d\xe7\x48\xd9\x52\x8e\x71\x86\x63\xdc\x0a\
\xf1\xef\xb3\x43\xfd\xcf\xd4\xd7\x66\x17\x11\x1a\xb4\xf9\xa2\x54\
\x5d\xd1\xf5\x8d\x68\xdb\x7f\xc7\xba\xfe\x3f\xce\xbe\x5f\xff\x00\
\x85\xa3\xe3\x2f\xfa\x0c\x7f\xe4\xac\x3f\xfc\x45\x7b\xe7\xc3\x9d\
\x52\xf7\x5a\xf0\x16\x99\xa8\x6a\x13\x79\xd7\x52\xf9\xbb\xe4\xda\
\x17\x38\x95\xd4\x70\x00\x1d\x00\xaf\x03\x15\x82\xa9\x42\x0a\x52\
\x6b\x73\x19\x41\xa4\x5d\xf1\x4f\xfc\x83\x22\xff\x00\xae\xc3\xff\
\x00\x41\x6a\xe4\x6b\xd0\xee\xac\xe0\xbd\x88\x47\x71\x1e\xf4\x0d\
\xb8\x0c\x91\xcf\xe1\xf5\xaa\x9f\xf0\x8f\xe9\x7f\xf3\xeb\xff\x00\
\x91\x1b\xfc\x6b\x0a\x75\x63\x18\xd9\x89\x33\xe3\x3a\xdb\xb0\xff\
\x00\x8f\x28\xff\x00\x1f\xe6\x6b\xe8\xcf\xf8\x54\x1e\x04\xff\x00\
\xa0\x17\xfe\x4d\xcf\xff\x00\xc5\xd7\x95\x78\xc3\x40\xd3\x34\x4f\
\x15\x5e\xe9\xda\x75\xb7\x93\x69\x0e\xcd\x91\xf9\x8c\xd8\xca\x2b\
\x1e\x58\x93\xd4\x9a\xfa\x08\x66\x34\xb1\x0f\x92\x09\xf7\xd7\xfe\
\x1c\xd9\x4d\x4b\x44\x6b\xfc\x18\xff\x00\x91\xc2\xef\xfe\xbc\x1f\
\xff\x00\x46\x47\x5e\xe9\x5f\x2c\x0d\x77\x52\xf0\x9f\xfa\x7e\x89\
\x73\xf6\x5b\x99\x3f\x72\xcf\xb1\x5f\x28\x79\x23\x0c\x08\xea\xa3\
\xf2\xa5\xff\x00\x85\xbd\xe3\xaf\xfa\x0e\x7f\xe4\xa4\x1f\xfc\x45\
\x72\xe2\x32\xfa\xb8\x89\xfb\x48\x35\x6f\x3f\xf8\x62\x65\x07\x27\
\x74\x7d\x4f\x45\x79\x8f\xfc\x25\x9a\xdf\xfc\xfe\xff\x00\xe4\x24\
\xff\x00\x0a\xee\xfc\x3d\x77\x3d\xf6\x85\x6d\x73\x72\xfb\xe6\x7d\
\xdb\x9b\x00\x67\x0c\x47\x41\xec\x2b\xc7\xa9\x42\x54\xd5\xd9\x9b\
\x56\x34\xe8\xa2\x8a\xc4\x90\xa2\x8a\x28\x00\xa2\x8a\x28\x00\xa2\
\x8a\x28\x00\xa2\x8a\x28\x00\xa2\x8a\x28\x00\xa2\x8a\x28\x00\xa2\
\x8a\x28\x00\xa2\x8a\x28\x00\xa2\x8a\x28\x03\x92\xf8\x89\xe1\x6b\
\xef\x16\xf8\x7e\x0b\x0b\x09\x6d\xe3\x96\x3b\xa5\x98\x99\xd9\x82\
\xed\x08\xe3\xb0\x3c\xfc\xc2\xbc\xcf\xfe\x14\x9f\x89\x3f\xe7\xfb\
\x49\xff\x00\xbf\xb2\x7f\xf1\xba\xf7\x9a\x2b\xaa\x8e\x36\xad\x18\
\xf2\x43\x62\xd4\x9a\xd8\xf8\x9f\xce\x5f\x43\x5e\xc9\xe0\x6f\x8b\
\xde\x1f\xf0\xcf\x83\xac\x34\x8b\xdb\x3d\x4e\x4b\x8b\x7f\x33\x7b\
\x43\x14\x65\x0e\xe9\x19\x86\x09\x70\x7a\x30\xed\x5e\x2b\x45\x7d\
\x55\x7c\x35\x3a\xf1\xe5\x9e\xc6\xee\x29\xee\x7d\x37\xa3\x7c\x63\
\xf0\xf6\xb9\x78\xf6\xd6\xd6\x7a\xa2\x3a\xc6\x64\x26\x48\xa3\x03\
\x00\x81\xd9\xcf\xad\x6e\x7f\xc2\x75\xa6\x7f\xcf\x0b\xcf\xfb\xe1\
\x7f\xf8\xaa\xf9\xd3\xe1\xef\xfc\x87\xe7\xff\x00\xaf\x56\xff\x00\
\xd0\x92\xbd\x2a\xbc\x4c\x4e\x06\x8d\x39\xf2\xc4\xca\x50\x49\x9e\
\xd1\x5e\x5b\xe2\xff\x00\x02\x6a\x9a\xcf\x8a\x2f\x35\x0b\x79\xec\
\xd6\x29\x76\x6d\x12\x3b\x06\x18\x45\x5e\x70\xa7\xb8\xaf\x52\xac\
\xfb\x9f\xf8\xf8\x6f\xc3\xf9\x57\x99\x42\xac\xa9\x4b\x9a\x24\x27\
\x63\xe7\xcf\x1c\xf8\x1f\x53\xd1\x74\x58\x6e\x6e\x67\xb4\x64\x6b\
\x85\x8c\x08\xdd\x89\xc9\x56\x3d\xd4\x7a\x57\x01\xfd\x9d\x37\xf7\
\x93\xf3\x3f\xe1\x5e\xfb\xf1\x7f\xfe\x45\x3b\x5f\xfa\xfe\x4f\xfd\
\x17\x25\x78\xad\x7d\x1e\x0a\xbc\xe7\x4a\xec\xde\x0d\xb4\x76\x1f\
\xf0\x9d\x69\x9f\xf3\xc2\xf3\xfe\xf8\x5f\xfe\x2a\xbd\x5b\xc1\xde\
\x2e\xb0\x97\xc2\xb6\x4e\xb0\xdc\x80\x77\xf5\x55\xfe\xfb\x7f\xb5\
\x5f\x34\x57\xb2\x78\x1b\xfe\x44\xeb\x0f\xfb\x69\xff\x00\xa3\x1a\
\xb9\xf1\xd8\x6a\x6a\x9a\xb7\x72\x65\x15\x63\xd6\xb4\xfd\x6a\xdb\
\x52\x9d\xa1\x85\x25\x56\x55\xdc\x4b\x80\x06\x32\x07\x63\xef\x5a\
\x55\xc8\x78\x57\xfe\x42\x92\xff\x00\xd7\x13\xff\x00\xa1\x2d\x75\
\xf5\xe1\x55\x8a\x8c\xac\x8c\x58\x51\x45\x15\x98\x82\x8a\x28\xa0\
\x02\x8a\x28\xa0\x02\x8a\x28\xa0\x02\x8a\x28\xa0\x02\x8a\x28\xa0\
\x02\x8a\x28\xa0\x02\x8a\x28\xa0\x02\x8a\x28\xa0\x02\x8a\x28\xa0\
\x02\xbe\x58\xf8\xbf\xff\x00\x25\x4b\x59\xff\x00\xb6\x1f\xfa\x22\
\x3a\xfa\x9e\xb9\x5d\x63\xe1\xc7\x84\xf5\xed\x56\x6d\x4f\x53\xd2\
\xbc\xfb\xc9\xb6\xf9\x92\x7d\xa2\x55\xdd\x85\x0a\x38\x56\x03\xa0\
\x1d\xab\xbb\x2f\xc4\xc3\x0d\x55\xce\x69\xda\xd6\xd3\xe4\x5c\x24\
\xa2\xee\xcf\x96\x34\xbf\xf8\xf9\x6f\xf7\x0f\xf3\x15\xaf\x5e\xb3\
\xe3\xef\x00\x78\x63\xc3\x9a\x14\x17\x9a\x4e\x99\xf6\x79\xde\xe5\
\x62\x67\xf3\xe5\x7c\xa9\x56\x24\x61\x98\x8e\xaa\x2b\xce\x7e\xc9\
\x07\xf7\x3f\x53\x5e\xec\x31\x50\xae\xb9\xe2\x9d\x8d\x94\x93\xd4\
\xf5\xda\xee\x3c\x3f\xff\x00\x20\x4b\x7f\xf8\x17\xfe\x84\x6b\xe5\
\x8f\xf8\x4f\xfc\x4f\xff\x00\x41\x3f\xfc\x81\x17\xff\x00\x13\x5e\
\x93\xe1\x5f\x1a\xf8\x86\x4f\x0d\xda\x3b\xea\x19\x63\xbf\x27\xc9\
\x8f\xfb\xed\xfe\xcd\x79\xb8\xac\xbe\xac\x60\x9b\x6b\x7f\xeb\xa1\
\x9c\xa0\xec\x7a\xd7\x88\xbf\xe4\x1f\x1f\xfd\x75\x1f\xc8\xd7\x33\
\x47\x85\xb5\x6b\xdf\x10\x6a\x72\x5a\x6a\x93\xf9\xf0\x24\x26\x45\
\x5d\x8a\xb8\x60\xca\x33\x95\x00\xf4\x26\xba\xdf\xec\x5d\x3f\xfe\
\x7d\xff\x00\xf1\xf6\xff\x00\x1a\xe0\x7f\xb9\xf7\x24\x4e\xda\x1e\
\x0b\x5c\xd6\xab\xff\x00\x21\x29\xbf\x0f\xe4\x2b\xe8\xcf\xf8\x41\
\x3c\x37\xff\x00\x40\xdf\xfc\x8f\x27\xff\x00\x15\x5f\x3c\xfc\x4c\
\x45\xd1\xfe\x21\x6a\x96\x16\x03\xc9\xb6\x8b\xca\xd8\x9f\x7b\x19\
\x89\x09\xe4\xe4\xf5\x26\xbd\x7c\x15\x78\xd7\xa8\xe3\x1e\xc6\x90\
\x77\x65\xdf\x08\xff\x00\xc8\x56\x5f\xfa\xe0\x7f\xf4\x25\xae\xce\
\xbc\x7f\x4b\xd6\x75\x0b\x4b\x96\x92\x0b\x8d\x8c\x50\xa9\x3b\x14\
\xf1\x91\xea\x2b\x5b\xfe\x12\xad\x6b\xfe\x7f\x7f\xf2\x12\x7f\x85\
\x74\x56\xc3\x4e\x52\xba\x1b\x89\xf5\x95\x15\xc9\xff\x00\x6c\xea\
\x1f\xf3\xf1\xff\x00\x8e\x2f\xf8\x57\x43\xa6\x4d\x25\xc6\x9f\x14\
\xb2\xb6\xe7\x6c\xe4\xe3\x1d\xcd\x7c\xcc\xa9\xb8\xab\xb3\x0b\x16\
\xe8\xa2\x8a\x81\x05\x14\x51\x40\x05\x14\x51\x40\x05\x14\x51\x40\
\x05\x14\x51\x40\x05\x14\x51\x40\x05\x14\x51\x40\x05\x14\x51\x40\
\x05\x14\x51\x40\x05\x14\x51\x40\x1c\xcf\x8e\x3c\x3b\x77\xe2\x6d\
\x16\x1b\x2b\x29\x20\x8e\x44\xb8\x59\x49\x99\x88\x18\x0a\xc3\xb0\
\x3c\xfc\xc2\xb8\x0f\xf8\x54\xba\xf7\xfc\xfd\xe9\xbf\xf7\xf1\xff\
\x00\xf8\x8a\xf6\x5a\x2b\xa6\x96\x2e\xa5\x28\xf2\xc7\x62\x94\x9a\
\x3e\x74\xff\x00\x85\x09\xe2\x9f\xf9\xff\x00\xd1\xbf\xef\xf4\xbf\
\xfc\x6e\xa9\x4f\x7b\x1f\x81\x66\x6f\x0d\xea\x8a\xf3\x5e\x59\xe3\
\xcc\x7b\x60\x1a\x33\xbc\x6f\x18\x2d\xb4\xf4\x61\xd8\x73\x9a\xfa\
\x5e\xbe\x59\xf8\xbd\xff\x00\x25\x4b\x59\xff\x00\xb6\x1f\xfa\x22\
\x3a\xf5\xb0\x58\xaa\x98\xba\x8e\x9d\x5d\x92\xb9\xac\x64\xe4\xec\
\xce\x9b\xc2\xdf\x14\xf4\x3d\x13\x53\x92\xe6\xe6\xd7\x51\x74\x68\
\x4c\x60\x47\x1a\x13\x92\xca\x7b\xb8\xf4\xae\xbb\xfe\x17\xe7\x85\
\xbf\xe7\xc3\x59\xff\x00\xbf\x31\x7f\xf1\xca\xf9\xd2\x8a\xed\x9e\
\x59\x87\x9b\xe6\x95\xfe\xf2\x9d\x34\xcf\xac\xff\x00\xe1\x60\x69\
\x5f\xf3\xef\x7b\xff\x00\x7c\x2f\xff\x00\x15\x5e\x4f\xe3\x2f\x05\
\xea\x3e\x32\xf1\x65\xee\xbf\xa7\x4f\x6b\x15\xad\xd7\x97\xb1\x2e\
\x1d\x95\xc6\xd4\x54\x39\x0a\xa4\x75\x53\xdf\xa5\x68\x57\x55\xa3\
\xff\x00\xc8\x2a\x1f\xf8\x17\xfe\x84\x6b\xca\xa7\xfe\xcc\xf9\xe9\
\xef\xb1\x9a\xf7\x75\x47\x8d\xea\x3e\x00\xd5\x7c\x3f\x6e\xb7\x77\
\x77\x16\x6f\x1b\xb8\x8c\x08\x9d\x89\xc9\x04\xf7\x51\xc7\x06\xb3\
\x3e\xc1\x2f\xf7\x93\xf3\x3f\xe1\x5e\xb3\xf1\x07\xfe\x40\x30\x7f\
\xd7\xd2\xff\x00\xe8\x2d\x5e\x6f\x5e\x95\x0a\xf3\xa9\x0e\x69\x16\
\x9b\x68\xf5\xff\x00\xed\xfb\x5f\xf9\xe7\x37\xfd\xf2\x3f\xc6\xbb\
\xcf\x0e\xdc\x25\xd6\x83\x6d\x32\x06\x0a\xdb\xb0\x1b\xaf\xde\x22\
\xbc\x82\xbd\x5b\xc1\xdf\xf2\x2a\x59\x7f\xc0\xff\x00\xf4\x36\xaf\
\x17\x15\x05\x18\x26\xbb\x99\x49\x68\x6e\xd1\x45\x15\xc0\x40\x51\
\x45\x14\x00\x51\x45\x14\x00\x51\x45\x14\x00\x51\x45\x14\x00\x51\
\x45\x14\x00\x51\x45\x14\x00\x51\x45\x14\x00\x51\x45\x14\x00\x51\
\x45\x14\x00\x51\x45\x14\x00\x51\x45\x14\x01\xc8\x7c\x46\xff\x00\
\x91\x7a\xdf\xfe\xbe\x97\xff\x00\x40\x7a\xf3\x1a\xf7\x1d\x47\x4b\
\xb3\xd5\xad\xd6\x0b\xe8\x7c\xd8\x95\xc3\x85\xdc\x57\x9c\x11\x9e\
\x08\xf5\x35\x99\xff\x00\x08\x57\x87\xbf\xe8\x1f\xff\x00\x91\xa4\
\xff\x00\xe2\xab\xb6\x86\x26\x14\xe1\xca\xd1\x6a\x49\x23\xe5\x5a\
\x63\x7d\xea\xfa\x6b\xfe\x15\x4f\x82\xbf\xe8\x0b\xff\x00\x93\x53\
\x7f\xf1\x75\x4a\x7f\x85\xfe\x0d\x59\x98\x0d\x1f\x00\x63\xfe\x5e\
\x66\xff\x00\xe2\xeb\xd4\x59\xad\x17\xd1\xfe\x1f\xe6\x69\xed\x11\
\xf3\xbd\xbf\xfa\xc3\xf4\xab\x35\xef\x8b\xf0\xcf\xc2\x08\x72\xba\
\x46\x0f\xfd\x7c\xcb\xff\x00\xc5\xd3\xff\x00\xe1\x5b\xf8\x4b\xfe\
\x81\x3f\xf9\x31\x2f\xff\x00\x15\x43\xcc\xe8\xbe\x8f\xf0\xff\x00\
\x31\x73\xa3\xbf\xa2\x8a\x2b\xe7\x8c\x42\x8a\x28\xa0\x02\x8a\x28\
\xa0\x02\x8a\x28\xa0\x02\x8a\x28\xa0\x02\x8a\x28\xa0\x02\x8a\x28\
\xa0\x02\x8a\x28\xa0\x02\x8a\x28\xa0\x02\x8a\x28\xa0\x02\x8a\x28\
\xa0\x02\x8a\x28\xa0\x02\x8a\x28\xa0\x02\x8a\x28\xa0\x02\xaa\xcd\
\x6c\xf2\x4a\x58\x15\xc1\xf5\xab\x54\x50\x9d\x86\x52\xfb\x1c\x9e\
\xab\xf9\xd1\xf6\x39\x3d\x57\xf3\xab\xb4\x53\xe6\x60\x14\x51\x45\
\x21\x05\x14\x51\x40\x1f\xff\xd9\x53\x59\xc7\x36\x00\x00\x00\x01\
\x73\x52\x47\x42\x01\xd9\xc9\x2c\x7f\x00\x00\x00\x04\x67\x41\x4d\
\x41\x00\x00\xb1\x8f\x0b\xfc\x61\x05\x00\x00\x00\x20\x63\x48\x52\
\x4d\x00\x00\x7a\x26\x00\x00\x80\x84\x00\x00\xfa\x00\x00\x00\x80\
\xe8\x00\x00\x75\x30\x00\x00\xea\x60\x00\x00\x3a\x98\x00\x00\x17\
\x70\x9c\xba\x51\x3c\x00\x00\x00\x09\x70\x48\x59\x73\x00\x00\x0b\
\x13\x00\x00\x0b\x13\x01\x00\x9a\x9c\x18\x00\x00\x00\x07\x74\x49\
\x4d\x45\x07\xe9\x0b\x0e\x10\x33\x16\x76\x09\xd5\xd9\x00\x00\x02\
\xa1\x49\x44\x41\x54\x38\xcb\x63\x3c\xf3\x2f\x8d\x01\x06\xfe\x33\
\x30\x30\x30\x30\x30\xc2\xf9\x8c\x30\x21\xfc\x80\x91\x81\x05\x95\
\x8b\x0a\x88\x33\x82\x81\x81\x81\x09\xaa\x9e\x18\x0d\x58\xc1\x7f\
\x06\x86\xff\x30\xb7\x30\xc2\x9c\xd1\x99\x77\x70\xf5\x94\x9b\x70\
\x35\x53\x77\x7b\x9a\x3b\xcb\x12\x76\x10\x3c\x5c\xde\xbe\xfc\x96\
\x6c\xbf\xe6\xc9\xad\x1f\x41\x19\xaa\xbc\xfc\xec\xbc\x42\xec\x53\
\xca\xcf\x32\x30\x30\xb0\x71\x31\x6e\xbe\x1b\x2d\x2c\xce\x45\x94\
\x29\x71\x96\xab\xae\x9d\xfc\x80\x1c\xd8\x0c\x0c\x0c\x27\xf7\x3e\
\xce\x76\xdd\x0e\x61\xa3\x49\x21\x03\x68\xb8\x4c\xa9\x39\x7e\xed\
\xe4\x87\x9d\xcf\x63\x18\x18\x18\x52\x1c\xd6\xe6\xfb\x6d\xba\x7f\
\xfd\x1d\x03\x03\x83\xb9\xb3\xec\x99\x7f\x69\x06\x76\xc2\xf8\x7d\
\x04\x35\x65\x41\xdb\x65\x06\x06\x06\x61\x71\xae\x29\x35\xc7\x2f\
\x1c\x7a\x2b\xab\x22\x20\xaf\x26\x08\x57\x94\x5a\x6b\x26\xa1\xc8\
\x7e\xe7\xca\x5b\x5c\xa6\xb0\x40\x9c\x6d\x68\x2f\xf2\xff\xff\x7f\
\x88\x71\x7e\xc9\xca\x89\xe5\x26\x4c\xcc\x88\x78\x37\x77\x96\x7d\
\x71\xff\xe7\x91\xed\x0f\x54\x74\x84\x71\x9a\x72\x7a\xdf\x93\xf3\
\x07\xdf\x40\xbc\xc3\xc0\xc0\x50\x37\xdb\x19\x4d\xd1\xee\xd5\xb7\
\xf1\x7b\x8a\x89\x81\x81\x41\xdd\x40\x84\x9d\x87\xe9\xe0\xa6\x7b\
\xb8\x82\xf0\xe9\xfd\x4f\xb2\xaa\x02\x04\x4c\x71\x0d\x55\xfd\xf9\
\xe5\xdf\xdd\x6b\xef\x18\x18\x18\xfe\x63\x4b\x7f\x8f\x6e\x7f\xd8\
\x3c\xf7\xae\xa6\x91\x18\x81\xd0\xf5\x4d\x56\xde\xbc\xe0\x16\xd6\
\x6c\xb0\xa0\xeb\xec\xe6\x79\x77\x79\x85\x99\xf1\x24\x3f\xa8\x29\
\xf5\xb3\x9d\xbf\x7d\xfc\x67\xc2\x34\xeb\xd4\xbe\xc7\x68\xe9\x65\
\xeb\x92\x1b\x4c\xcc\x8c\xa2\x52\x1c\x0b\xba\xce\x12\x4e\x75\x0c\
\x0c\x0c\x77\xae\xbc\x8d\xd0\x5b\xcb\xc0\xc0\x60\xe7\x2f\xc5\xce\
\xc9\xc2\xc0\xc0\xb0\x7b\xc5\x23\x06\x06\x86\x9c\x4e\xe3\x4b\xc7\
\x9e\x1f\xdb\xfe\x5c\x42\x81\x63\xee\xc1\x60\x21\x31\x2e\x46\x46\
\xdc\xa6\x40\xf2\xc1\x8a\x29\x17\xef\x5c\x79\x7b\x78\xe3\x33\x06\
\x06\x06\x1d\x2b\xc1\x9b\xe7\x3f\x6c\xbe\x1b\x25\x22\xc1\xbd\x7b\
\xcd\xed\xca\xb0\xfd\x0a\xda\xdc\xab\x2f\x45\x13\x30\x05\x13\xf8\
\xaa\x2c\x7c\xff\xea\xf7\x91\x4f\x29\x10\x6e\xb6\xc7\xc6\x93\xbb\
\x5e\xe6\x74\x18\x27\x94\x19\xa3\x87\x0b\x1e\xb0\xf9\x4e\xfc\x8f\
\x2f\xff\x4c\x98\x66\x41\xc2\xa5\x69\xa1\xab\x8c\x2a\xc7\x82\xae\
\x0b\xbb\x57\xdf\x86\xab\x61\x4e\xab\x37\x26\x68\x50\x5a\xbd\xf1\
\xac\xc6\xb3\xaf\x9e\x7f\x12\x14\xe3\xd4\x31\x93\x50\xd4\x14\xfc\
\xfb\xf7\xdf\xb6\xa5\x37\xbf\x7d\xf9\x6d\x60\x2d\x45\x94\x5b\xe0\
\x19\x5a\x5c\x86\xa7\x32\x6c\xff\x94\x9a\xe3\xe6\x2e\x72\xf5\xb3\
\x9d\x1f\x5c\xfd\xba\x74\xe2\xc5\x93\x7b\x1f\x13\x15\x2e\x68\x25\
\x9b\x09\xf3\x2c\x06\x06\x86\xa4\x1a\x3d\x63\x7b\xe9\x69\x35\xc7\
\xcd\x5d\xe5\xb2\x9a\x2c\x48\x34\x85\x81\x81\x81\x81\xa1\xa7\xe8\
\xd0\xae\x95\x77\xfe\xfe\xf9\xcf\x2b\xc8\xba\xe1\x66\x1c\xe9\x6e\
\x41\x4d\x13\x0c\x0c\x0c\xc2\x12\x5c\xd0\x3c\x4d\x1e\x80\xe8\x87\
\x00\x00\x59\x30\x0a\xe3\x0e\x13\x1c\x78\x00\x00\x00\x00\x49\x45\
\x4e\x44\xae\x42\x60\x82\
\x00\x00\x01\xac\
\x89\
\x50\x4e\x47\x0d\x0a\x1a\x0a\x00\x00\x00\x0d\x49\x48\x44\x52\x00\
\x00\x00\x17\x00\x00\x00\x18\x08\x02\x00\x00\x00\x9e\x1e\xf1\x22\
\x00\x00\x00\x09\x70\x48\x59\x73\x00\x00\x0b\x13\x00\x00\x0b\x13\
\x01\x00\x9a\x9c\x18\x00\x00\x01\x5e\x49\x44\x41\x54\x38\x4f\x63\
\x3c\xf3\x3f\x8d\x81\x62\xc0\x84\x2e\x40\x16\xa0\xa3\x29\x26\x8d\
\x52\x26\x8d\x52\xe8\xa2\x48\x80\x28\x53\x08\x02\x46\xaa\x84\x2e\
\x0b\x32\xa7\xa7\x3d\xc4\x3f\xc4\x95\xf1\x0f\xc3\xa1\x13\x37\x92\
\x12\xfb\x91\xa5\x20\x00\xab\xbf\xce\xd4\x3f\x43\xb8\x65\xe6\xbc\
\xa2\xff\x7f\x64\xbf\x33\xbd\xfb\xf4\xe6\x1d\x23\x37\x97\x00\x17\
\x57\x5e\x72\x23\xaa\x7a\x9c\x00\xea\x96\xf6\xc9\x35\x1f\x3f\xfd\
\x7a\xf3\xf1\xec\x9c\xae\x25\x70\xb9\xfc\xd2\xe8\x89\xdd\x4b\xe1\
\x5c\x06\xdc\x6e\x81\x9a\x72\xfb\xf1\xeb\x3f\xff\xff\x2d\xea\x46\
\x18\xc1\xc0\xc0\x70\x7d\x4b\x0d\x43\xb7\x26\xb2\xc8\x99\xfa\x67\
\xc8\x5c\x38\x60\x61\x60\x60\x28\xaf\x2f\x79\xf3\xe6\x3e\x27\x0f\
\x2f\xb2\xc4\xcf\xd7\xd2\xae\x91\x77\x90\x45\x18\xf0\xbb\x25\x25\
\x46\x35\xa3\xec\xde\xa7\x97\x07\xe1\x12\x47\x8f\x7d\xe4\xe4\xde\
\xe0\x14\x26\xc6\xc0\xa0\x82\x50\x8e\xdb\x2d\x4c\x0c\x0c\x0c\x5b\
\x0e\x3e\x61\xf8\xb6\xf5\xc0\xd6\xfb\x70\xd1\xd9\x73\x0f\x3c\x7a\
\xfb\xf9\xca\xb9\x3f\x08\x85\x78\x01\x13\x03\x03\x83\x86\x7c\x15\
\xf3\xa3\x0b\xc8\xa2\x96\x4e\x3f\x5e\x7f\xfc\x1f\x1f\x65\x07\xe1\
\x12\x4c\xbb\x2c\x0c\x0c\x0c\x9e\xae\x9c\x7f\x26\xff\x9a\xd0\xfa\
\xe8\xdc\xe9\x3b\x76\xae\xaa\xff\xf8\xcf\x7d\xfe\xf9\x91\xe5\xa3\
\x12\xba\x5a\xdc\x00\x91\x5e\xaa\x5b\x76\xfe\xe3\x7a\xf1\xeb\xcf\
\x4f\x6e\x26\xee\xfb\x67\xc5\x17\x2f\x77\x41\x55\x89\x0f\x90\x96\
\x03\xb0\xfa\x0b\x25\xed\x52\x02\x50\xf2\x11\x41\x30\x72\xdc\x42\
\x9d\xb2\x8e\x3a\xa6\x00\x00\xf1\x89\x90\xed\x21\x5b\x53\x72\x00\
\x00\x00\x00\x49\x45\x4e\x44\xae\x42\x60\x82\
\x00\x00\x06\xe9\
\x89\
\x50\x4e\x47\x0d\x0a\x1a\x0a\x00\x00\x00\x0d\x49\x48\x44\x52\x00\
\x00\x00\x17\x00\x00\x00\x18\x08\x02\x00\x00\x00\x9e\x1e\xf1\x22\
\x00\x00\x00\x09\x70\x48\x59\x73\x00\x00\x0b\x13\x00\x00\x0b\x13\
\x01\x00\x9a\x9c\x18\x00\x00\x06\x9b\x49\x44\x41\x54\x38\xcb\x01\
\x90\x06\x6f\xf9\x01\xcc\xff\x66\x00\x00\x00\x00\x00\x00\x00\x00\
\x00\x00\x00\x00\x00\x00\x00\x00\x00\x00\x00\x00\x00\x00\x00\x00\
\xd4\xa4\x3b\x85\xb9\xa0\x00\x00\x01\x00\x00\xff\x70\x3e\x57\x37\
\x65\xce\x00\x00\x00\x00\x00\x00\x00\x00\x00\x00\x00\x00\x00\x00\
\x00\x00\x00\x00\x00\x00\x00\x00\x00\x00\x04\x00\x00\x00\x00\x00\
\x00\x00\x00\x00\x00\x00\x00\x00\x00\x00\x00\x00\x00\x00\x00\x00\
\x00\x00\x00\x00\x00\x00\xd1\xe0\xd9\x20\x32\x2a\x01\x01\x00\xff\
\xff\x00\xd1\xe3\xd9\x37\x00\x00\x00\x00\x00\x00\x00\x00\x00\x00\
\x00\x00\x00\x00\x00\x00\x00\x00\x00\x00\x00\x00\x00\x00\x00\x00\
\x02\x00\x00\x00\x00\x00\x00\x00\x00\x00\x00\x00\x00\x00\x00\x00\
\x00\x00\x00\x00\x00\x00\x00\x00\x00\x31\xfe\x97\xd6\xe9\xe0\x11\
\x0b\x0e\x10\x0b\x0e\x11\x0b\x0e\xdc\xee\xe5\x2e\xfb\x94\x00\x00\
\x00\x00\x00\x00\x00\x00\x00\x00\x00\x00\x00\x00\x00\x00\x00\x00\
\x00\x00\x00\x00\x00\x00\x04\x00\x00\x00\x00\x00\x00\x00\x00\x00\
\x00\x00\x00\x00\x00\x00\x00\x00\x00\x00\x00\x00\x00\x00\x00\xe4\
\xe4\xe4\x09\x13\x0e\x12\x0b\x0e\x01\x01\x01\xff\xff\xff\xfd\x1a\
\x17\xde\xde\xde\x00\x27\x00\x00\x00\x00\x00\x00\x00\x00\x00\x00\
\x00\x00\x00\x00\x00\x00\x00\x00\x00\x00\x00\x00\x02\x00\x00\x00\
\x16\xe3\x7c\xd5\xa4\x3c\x12\xdf\x78\x00\x00\x00\x00\x00\x00\x00\
\x00\x00\x00\x00\x00\xd6\xd6\xd6\x1f\x23\x22\x12\x0b\x0d\x12\x0a\
\x0d\x12\x0b\x0d\x1f\x21\x1f\xd7\xd7\xd7\x00\x00\x00\x00\x00\x00\
\x00\x00\x00\x00\x00\x00\x14\xe1\x7a\xd7\xa6\x3f\x11\xde\x77\x00\
\x00\x00\x01\xcc\xff\x66\x9e\x7b\x0c\xd2\x0c\xef\x01\xee\xf8\x1f\
\x04\x11\x3e\x27\x32\x3a\x35\x38\xcf\xd2\xd1\xc3\xde\xd0\x22\x33\
\x2b\x03\x02\x03\x01\x01\x01\xff\xff\xff\xfd\xfe\xfd\xdf\xd0\xd7\
\x37\x1b\x29\x38\x34\x36\xc7\xcb\xc9\xc2\xd8\xcd\xdd\xfa\xed\x00\
\x13\x08\x24\xef\x09\x6c\x8a\xfc\x01\xc0\xc0\xc0\x72\xb5\x94\x14\
\x1a\x18\x0f\x09\x0c\x0e\x08\x0b\x0c\x07\x09\xfa\xec\xf3\x17\x19\
\x18\x11\x11\x10\x07\x04\x07\x05\x03\x03\x02\x01\x02\xfe\xff\xfe\
\xfc\xfd\xfd\xf8\xfc\xfa\xf1\xf2\xf1\xe6\xe4\xe5\x07\x14\x0e\xf5\
\xfa\xf7\xf1\xf8\xf5\xf2\xf7\xf4\xec\xe8\xea\x84\x40\x61\x03\x01\
\x11\x09\xf6\x17\x08\x0c\x08\x0a\x0d\x08\x0a\x0d\x08\x0a\x0e\x08\
\x0b\x18\x17\x17\x10\x0d\x0f\x0d\x07\x0a\x0d\x08\x0b\x0c\x08\x08\
\x09\x05\x09\x09\x06\x05\x05\x03\x05\x03\x02\x02\x05\x05\x05\x0b\
\x0f\x0d\x00\x01\x01\xfe\xff\xfe\xfd\xfe\xfe\xfe\xfe\xfe\xfe\x05\
\x02\xdb\xc9\xd1\x03\xb8\xb0\xb4\xc5\xb7\xbd\x01\x13\x0b\x0d\x0a\
\x0b\x0d\x07\x0a\x0d\x09\x0a\x0c\x07\x0b\x0e\x09\x0b\x0e\x09\x0b\
\x0d\x07\x0a\x0b\x08\x0a\x0b\x06\x09\x08\x05\x06\x05\x02\x04\x03\
\x02\x02\x00\x00\x01\xfe\x00\xff\xfe\xff\xff\xfd\xff\xfe\xfd\xfe\
\xfd\xfa\xfa\xfb\x09\xde\xf2\x90\x78\x85\x02\xe4\x17\x7e\x9b\x83\
\x8f\x1c\xea\x01\x01\xfa\xfd\x07\x05\x06\x07\x05\x07\x0a\x06\x07\
\x0b\x06\x09\x0c\x07\x0a\x0f\x09\x0c\x12\x0a\x0e\x12\x0b\x0e\x11\
\x0a\x0e\x0f\x09\x0c\x0c\x07\x0a\x0b\x07\x08\x0a\x06\x08\x08\x05\
\x06\x07\x04\x05\x01\xfd\xff\x15\xe5\xfb\x9c\x81\x8f\xe8\x1b\x82\
\x02\x00\x00\x00\xd9\x0c\x73\x8a\x7b\x83\x1f\xf2\x09\xfb\xf4\xf8\
\x06\x03\x04\x06\x04\x06\x07\x05\x05\x0a\x06\x08\x0c\x07\x0a\x0f\
\x09\x0d\x12\x0b\x0e\x0f\x09\x0d\x0c\x08\x0a\x0a\x06\x08\x08\x04\
\x06\x06\x03\x05\x05\x03\x05\xfd\xf8\xfb\x17\xea\xff\x8d\x7c\x85\
\xdd\x10\x77\x00\x00\x00\x02\x00\x00\x00\x00\x00\x00\xd2\x05\x6c\
\x5b\x52\x56\xf4\xed\xef\x02\x01\x02\x03\x02\x02\x04\x02\x04\x05\
\x03\x03\x07\x05\x05\x0c\x07\x08\x10\x0a\x0d\x0c\x07\x09\x07\x04\
\x05\x05\x03\x03\x04\x02\x03\x03\x02\x03\x03\x01\x01\xf5\xef\xf1\
\x58\x4d\x53\xd5\x08\x6f\x00\x00\x00\x00\x00\x00\x02\x00\x00\x00\
\x00\x00\x00\x00\x00\x00\xff\xff\xff\xff\xfe\xff\x00\x00\x00\xff\
\x00\xff\x00\x00\xff\xff\x00\x00\xff\x00\x00\xfd\xff\xff\xfd\xfd\
\xfd\xfd\xff\xfe\xff\x00\x00\xff\x00\x00\xff\x00\xff\x00\x00\xff\
\x00\x00\x00\xff\xff\xff\x00\x00\x00\x00\x00\x00\x00\x00\x00\x00\
\x00\x00\x02\x00\x00\x00\x00\x00\x00\x22\xef\x88\x8e\x9e\x96\x12\
\x1c\x17\xfd\xfe\xfd\xfd\xfd\xfe\xfb\xfe\xfc\xfa\xfb\xfb\xf8\xfb\
\xf8\xf4\xf8\xf6\xef\xf7\xf3\xf4\xf8\xf6\xf8\xfb\xf9\xfa\xfc\xfb\
\xfb\xfe\xfd\xfc\xfe\xfd\xfd\xff\xfe\x0f\x17\x13\x92\xa5\x9b\x1f\
\xec\x85\x00\x00\x00\x00\x00\x00\x02\x00\x00\x00\x17\xe4\x7d\x6b\
\x85\x78\xfc\x25\x11\xff\x04\x02\xf9\xfd\xfb\xf9\xfc\xfa\xf7\xfa\
\xfa\xf6\xfa\xf8\xf3\xf8\xf7\xf0\xf7\xf3\xee\xf5\xf2\xf0\xf7\xf3\
\xf3\xf8\xf6\xf6\xf9\xf8\xf8\xfa\xf9\xf9\xfb\xfa\xf9\xfc\xfb\xfe\
\x02\x01\x02\x29\x17\x6a\x88\x7a\x12\xdf\x78\x00\x00\x00\x03\x6e\
\x55\xa1\x6a\x90\x7d\x05\x29\x18\x06\x05\x05\x04\x02\x04\x04\x02\
\x03\x03\x02\x02\x02\x01\x01\xff\x00\x00\xfe\xfe\xfe\xfb\xfe\xfb\
\xf8\xfb\xfa\xf7\xfb\xf9\xf6\xf9\xf8\xf5\xfa\xf7\xf5\xf9\xf7\xf5\
\xfa\xf8\xf5\xf9\xf7\xf5\xf9\xf7\xf5\xfa\xf7\xf8\x0f\x04\xa9\xb1\
\xab\x47\x19\x70\x03\xfa\x0a\x02\xe9\x1b\x03\x05\x02\x03\x03\x03\
\x04\x03\x01\x03\x02\x03\x01\x02\x01\x01\x00\x00\x00\xfe\xff\xfe\
\xfc\xfd\xfc\xfa\xfd\xfc\xf9\xfb\xfb\xf6\xfa\xf8\xf5\xfa\xf7\xf5\
\xf9\xf7\xf5\xfa\xf7\xf4\xf9\xf7\xf5\xf9\xf7\xf4\xf8\xf7\xf5\xfa\
\xf7\xf4\xf8\xf7\xf7\x0c\x01\xd3\xc1\xca\x03\xa2\x9a\x9e\xa5\xbc\
\xb1\x08\x0f\x0b\x03\x02\x02\x01\x02\x01\xfa\xf4\xf7\xe3\xd4\xdb\
\xfd\xff\xfe\x05\x0b\x09\xfb\xfd\xfc\xfa\xfd\xfb\xf7\xfb\xf9\xf8\
\xfb\xf9\xf5\xfa\xf8\xf5\xfa\xf8\xe5\xe3\xe4\xda\xd0\xd5\xfd\x05\
\x01\xf8\x01\xfc\xf5\xf9\xf7\xf5\xf9\xf7\xee\xe3\xe8\x87\x5d\x72\
\x03\x62\x95\xfc\xf8\xcc\x21\xdd\xfa\xec\xf4\xe2\xea\x1d\xf8\x0b\
\x3e\x1c\x2d\x62\x4e\x58\x05\xf2\xfb\xc9\xcd\xcb\x08\x16\x0f\xfb\
\xfc\xfb\xf9\xfc\xfa\xf8\xfb\xf9\xf6\xfb\xf9\xde\xcb\xd5\x3c\x1b\
\x2a\x61\x4f\x58\x05\xed\xf9\xe9\xdc\xe2\xda\xe1\xde\xfa\x04\xfe\
\x36\x02\x1c\x32\x5d\xc8\x01\xcc\xff\x66\x1b\xe8\x81\xc8\xc9\xc8\
\x3a\x39\x3a\xe3\x16\x7d\x00\x00\x00\x00\x00\x00\x00\x00\x00\xef\
\xbc\x55\xb1\xe4\xcc\x0c\x0e\x0c\x01\x01\x01\xff\xff\xff\xf7\xf7\
\xf8\x43\x0f\x27\x1a\x4c\xb4\x00\x00\x00\x00\x00\x00\x00\x00\x00\
\x20\xed\x86\xc5\xc6\xc6\x32\x31\x31\xe9\x1c\x83\x01\xcc\xff\x66\
\x00\x00\x00\x00\x00\x00\x00\x00\x00\x00\x00\x00\x00\x00\x00\x00\
\x00\x00\x00\x00\x00\x18\xe5\x7e\x69\x99\x82\x19\x25\x1f\x01\x01\
\x01\xff\xff\xff\xeb\xe0\xe5\x8a\x59\x71\xf1\x24\x8b\x00\x00\x00\
\x00\x00\x00\x00\x00\x00\x00\x00\x00\x00\x00\x00\x00\x00\x00\x00\
\x00\x00\x04\x00\x00\x00\x00\x00\x00\x00\x00\x00\x00\x00\x00\x00\
\x00\x00\x00\x00\x00\x00\x00\x00\x00\x00\x00\xe8\x1b\x82\xfb\xef\
\xf5\xee\xf6\xf2\x01\x01\x01\xff\xff\xff\xf1\xe9\xec\x1f\x1f\x1f\
\xd2\x00\x00\x00\x00\x00\x00\x00\x00\x00\x00\x00\x00\x00\x00\x00\
\x00\x00\x00\x00\x00\x00\x00\x00\x04\x00\x00\x00\x00\x00\x00\x00\
\x00\x00\x00\x00\x00\x00\x00\x00\x00\x00\x00\x00\x00\x00\x00\x00\
\x00\x00\x00\x00\x2c\x19\x21\xce\xf5\xed\x01\x00\x00\xff\x00\x00\
\x27\x13\x1d\xd2\x05\x6c\x00\x00\x00\x00\x00\x00\x00\x00\x00\x00\
\x00\x00\x00\x00\x00\x00\x00\x00\x00\x00\x00\x00\x00\x00\x02\x00\
\x00\x00\x00\x00\x00\x00\x00\x00\x00\x00\x00\x00\x00\x00\x00\x00\
\x00\x00\x00\x00\x00\x00\x00\x00\x00\x00\x35\x26\x2e\xfa\xd8\xe7\
\xf9\xd8\xe8\xfa\xd8\xe7\x37\x26\x2e\x00\x00\x00\x00\x00\x00\x00\
\x00\x00\x00\x00\x00\x00\x00\x00\x00\x00\x00\x00\x00\x00\x00\x00\
\x00\x00\x00\x00\x09\x34\x36\x04\x14\x48\x2b\x96\x00\x00\x00\x00\
\x49\x45\x4e\x44\xae\x42\x60\x82\
"

qt_resource_name = b"\
\x00\x07\
\x07\x3b\xe0\xb3\
\x00\x70\
\x00\x6c\x00\x75\x00\x67\x00\x69\x00\x6e\x00\x73\
\x00\x04\
\x00\x07\x81\x7e\
\x00\x71\
\x00\x6b\x00\x61\x00\x6e\
\x00\x05\
\x00\x7b\x66\x33\
\x00\x74\
\x00\x6f\x00\x6f\x00\x6c\x00\x73\
\x00\x03\
\x00\x00\x78\xc3\
\x00\x72\
\x00\x65\x00\x73\
\x00\x10\
\x00\xd8\x71\x87\
\x00\x69\
\x00\x63\x00\x6f\x00\x6e\x00\x5f\x00\x64\x00\x62\x00\x41\x00\x64\x00\x61\x00\x70\x00\x74\x00\x2e\x00\x70\x00\x6e\x00\x67\
\x00\x12\
\x01\x1c\xd5\x07\
\x00\x69\
\x00\x63\x00\x6f\x00\x6e\x00\x5f\x00\x72\x00\x65\x00\x61\x00\x64\x00\x43\x00\x68\x00\x65\x00\x63\x00\x6b\x00\x2e\x00\x70\x00\x6e\
\x00\x67\
\x00\x10\
\x01\x5d\x2f\x27\
\x00\x69\
\x00\x63\x00\x6f\x00\x6e\x00\x5f\x00\x62\x00\x65\x00\x72\x00\x69\x00\x63\x00\x68\x00\x74\x00\x2e\x00\x70\x00\x6e\x00\x67\
\x00\x11\
\x02\x8d\x96\x87\
\x00\x69\
\x00\x63\x00\x6f\x00\x6e\x00\x5f\x00\x66\x00\x69\x00\x6c\x00\x65\x00\x70\x00\x61\x00\x74\x00\x68\x00\x2e\x00\x70\x00\x6e\x00\x67\
\
\x00\x12\
\x02\xdb\x39\x27\
\x00\x69\
\x00\x63\x00\x6f\x00\x6e\x00\x5f\x00\x62\x00\x65\x00\x66\x00\x61\x00\x68\x00\x72\x00\x75\x00\x6e\x00\x67\x00\x2e\x00\x70\x00\x6e\
\x00\x67\
\x00\x11\
\x04\x0c\x3f\x07\
\x00\x69\
\x00\x63\x00\x6f\x00\x6e\x00\x5f\x00\x72\x00\x65\x00\x61\x00\x64\x00\x44\x00\x61\x00\x74\x00\x61\x00\x2e\x00\x70\x00\x6e\x00\x67\
\
\x00\x11\
\x05\x34\xe1\x07\
\x00\x69\
\x00\x63\x00\x6f\x00\x6e\x00\x5f\x00\x71\x00\x67\x00\x73\x00\x61\x00\x64\x00\x61\x00\x70\x00\x74\x00\x2e\x00\x70\x00\x6e\x00\x67\
\
\x00\x10\
\x05\x36\x31\xa7\
\x00\x69\
\x00\x63\x00\x6f\x00\x6e\x00\x5f\x00\x65\x00\x6d\x00\x70\x00\x74\x00\x79\x00\x44\x00\x42\x00\x2e\x00\x70\x00\x6e\x00\x67\
\x00\x15\
\x06\xc9\x9a\x27\
\x00\x69\
\x00\x63\x00\x6f\x00\x6e\x00\x5f\x00\x72\x00\x75\x00\x6e\x00\x6f\x00\x66\x00\x66\x00\x70\x00\x61\x00\x72\x00\x61\x00\x6d\x00\x73\
\x00\x2e\x00\x70\x00\x6e\x00\x67\
\x00\x0d\
\x07\x7f\xdd\x27\
\x00\x69\
\x00\x63\x00\x6f\x00\x6e\x00\x5f\x00\x68\x00\x65\x00\x6c\x00\x70\x00\x2e\x00\x70\x00\x6e\x00\x67\
\x00\x12\
\x0a\x69\x75\x67\
\x00\x69\
\x00\x63\x00\x6f\x00\x6e\x00\x5f\x00\x74\x00\x72\x00\x61\x00\x6e\x00\x73\x00\x66\x00\x6f\x00\x72\x00\x6d\x00\x2e\x00\x70\x00\x6e\
\x00\x67\
\x00\x17\
\x0b\xd3\x3a\x87\
\x00\x69\
\x00\x63\x00\x6f\x00\x6e\x00\x5f\x00\x7a\x00\x6f\x00\x6f\x00\x6d\x00\x5f\x00\x63\x00\x6c\x00\x69\x00\x70\x00\x62\x00\x6f\x00\x61\
\x00\x72\x00\x64\x00\x2e\x00\x70\x00\x6e\x00\x67\
\x00\x14\
\x0e\x75\xc5\xe7\
\x00\x69\
\x00\x63\x00\x6f\x00\x6e\x00\x5f\x00\x6c\x00\x61\x00\x79\x00\x65\x00\x72\x00\x73\x00\x61\x00\x64\x00\x61\x00\x70\x00\x74\x00\x2e\
\x00\x70\x00\x6e\x00\x67\
\x00\x14\
\x0f\x6b\x15\xc7\
\x00\x69\
\x00\x63\x00\x6f\x00\x6e\x00\x5f\x00\x71\x00\x6b\x00\x61\x00\x6e\x00\x6f\x00\x70\x00\x74\x00\x69\x00\x6f\x00\x6e\x00\x73\x00\x2e\
\x00\x70\x00\x6e\x00\x67\
"

qt_resource_struct_v1 = b"\
\x00\x00\x00\x00\x00\x02\x00\x00\x00\x01\x00\x00\x00\x01\
\x00\x00\x00\x00\x00\x02\x00\x00\x00\x01\x00\x00\x00\x02\
\x00\x00\x00\x14\x00\x02\x00\x00\x00\x01\x00\x00\x00\x03\
\x00\x00\x00\x22\x00\x02\x00\x00\x00\x01\x00\x00\x00\x04\
\x00\x00\x00\x32\x00\x02\x00\x00\x00\x0e\x00\x00\x00\x05\
\x00\x00\x00\x3e\x00\x00\x00\x00\x00\x01\x00\x00\x00\x00\
\x00\x00\x00\x64\x00\x00\x00\x00\x00\x01\x00\x00\x04\x80\
\x00\x00\x00\x8e\x00\x00\x00\x00\x00\x01\x00\x00\x09\x76\
\x00\x00\x00\xb4\x00\x00\x00\x00\x00\x01\x00\x00\x0a\x69\
\x00\x00\x00\xdc\x00\x00\x00\x00\x00\x01\x00\x00\x27\xad\
\x00\x00\x01\x06\x00\x00\x00\x00\x00\x01\x00\x00\x28\xd0\
\x00\x00\x01\x2e\x00\x00\x00\x00\x00\x01\x00\x00\x2c\xd8\
\x00\x00\x01\x56\x00\x00\x00\x00\x00\x01\x00\x00\x2f\x3e\
\x00\x00\x01\x7c\x00\x00\x00\x00\x00\x01\x00\x00\x32\xbb\
\x00\x00\x01\xac\x00\x00\x00\x00\x00\x01\x00\x00\x33\x94\
\x00\x00\x01\xcc\x00\x00\x00\x00\x00\x01\x00\x00\x52\x53\
\x00\x00\x01\xf6\x00\x00\x00\x00\x00\x01\x00\x00\x59\x52\
\x00\x00\x02\x2a\x00\x00\x00\x00\x00\x01\x00\x00\x76\x5d\
\x00\x00\x02\x58\x00\x00\x00\x00\x00\x01\x00\x00\x78\x0d\
"

qt_resource_struct_v2 = b"\
\x00\x00\x00\x00\x00\x02\x00\x00\x00\x01\x00\x00\x00\x01\
\x00\x00\x00\x00\x00\x00\x00\x00\
\x00\x00\x00\x00\x00\x02\x00\x00\x00\x01\x00\x00\x00\x02\
\x00\x00\x00\x00\x00\x00\x00\x00\
\x00\x00\x00\x14\x00\x02\x00\x00\x00\x01\x00\x00\x00\x03\
\x00\x00\x00\x00\x00\x00\x00\x00\
\x00\x00\x00\x22\x00\x02\x00\x00\x00\x01\x00\x00\x00\x04\
\x00\x00\x00\x00\x00\x00\x00\x00\
\x00\x00\x00\x32\x00\x02\x00\x00\x00\x0e\x00\x00\x00\x05\
\x00\x00\x00\x00\x00\x00\x00\x00\
\x00\x00\x00\x3e\x00\x00\x00\x00\x00\x01\x00\x00\x00\x00\
\x00\x00\x01\x96\xb9\x4a\x3b\x60\
\x00\x00\x00\x64\x00\x00\x00\x00\x00\x01\x00\x00\x04\x80\
\x00\x00\x01\x96\xb9\x4a\x3b\x60\
\x00\x00\x00\x8e\x00\x00\x00\x00\x00\x01\x00\x00\x09\x76\
\x00\x00\x01\x9c\x56\x41\xaa\x70\
\x00\x00\x00\xb4\x00\x00\x00\x00\x00\x01\x00\x00\x0a\x69\
\x00\x00\x01\x96\xb9\x4a\x3b\x60\
\x00\x00\x00\xdc\x00\x00\x00\x00\x00\x01\x00\x00\x27\xad\
\x00\x00\x01\x9d\x68\xa6\x37\xe8\
\x00\x00\x01\x06\x00\x00\x00\x00\x00\x01\x00\x00\x28\xd0\
\x00\x00\x01\x96\xb9\x4a\x3b\x60\
\x00\x00\x01\x2e\x00\x00\x00\x00\x00\x01\x00\x00\x2c\xd8\
\x00\x00\x01\x96\xb9\x4a\x3b\x60\
\x00\x00\x01\x56\x00\x00\x00\x00\x00\x01\x00\x00\x2f\x3e\
\x00\x00\x01\x96\xb9\x4a\x3b\x60\
\x00\x00\x01\x7c\x00\x00\x00\x00\x00\x01\x00\x00\x32\xbb\
\x00\x00\x01\x64\xd1\x6a\x5c\x70\
\x00\x00\x01\xac\x00\x00\x00\x00\x00\x01\x00\x00\x33\x94\
\x00\x00\x01\x96\xb9\x4a\x3b\x60\
\x00\x00\x01\xcc\x00\x00\x00\x00\x00\x01\x00\x00\x52\x53\
\x00\x00\x01\x9f\xb3\xd1\x4c\xe0\
\x00\x00\x01\xf6\x00\x00\x00\x00\x00\x01\x00\x00\x59\x52\
\x00\x00\x01\x9c\x56\x41\xaa\x70\
\x00\x00\x02\x2a\x00\x00\x00\x00\x00\x01\x00\x00\x76\x5d\
\x00\x00\x01\x96\xb9\x4a\x3b\x60\
\x00\x00\x02\x58\x00\x00\x00\x00\x00\x01\x00\x00\x78\x0d\
\x00\x00\x01\x64\x38\x8d\x3e\x50\
"

qt_version = [int(v) for v in QtCore.qVersion().split('.')]
if qt_version < [5, 8, 0]:
    rcc_version = 1
    qt_resource_struct = qt_resource_struct_v1
else:
    rcc_version = 2
    qt_resource_struct = qt_resource_struct_v2

def qInitResources():
    QtCore.qRegisterResourceData(rcc_version, qt_resource_struct, qt_resource_name, qt_resource_data)

def qCleanupResources():
    QtCore.qUnregisterResourceData(rcc_version, qt_resource_struct, qt_resource_name, qt_resource_data)

qInitResources()
